Season,Category,Subcategory,Achievement,Player Name,Detail,Name on website
2002/03,Milestone,Cap Number,Player Number,Gavin Robertson,1,
2002/03,Milestone,Cap Number,Player Number,Raymond Clarence,2,
2002/03,Milestone,Cap Number,Player Number,Steve Simons,3,
2002/03,Milestone,Cap Number,Player Number,Ben Sawyer,4,
2002/03,Milestone,Cap Number,Player Number,Derek Arnberger,5,
2002/03,Milestone,Cap Number,Player Number,Alan Berry,6,
2002/03,Milestone,Cap Number,Player Number,Mark Atkinson,7,
2002/03,Milestone,Cap Number,Player Number,Con Karantz,8,
2002/03,Milestone,Cap Number,Player Number,Graham Price,9,
2002/03,Milestone,Cap Number,Player Number,Craig Marsh,10,
2002/03,Milestone,Cap Number,Player Number,Damien Duroux,11,
2002/03,Milestone,Cap Number,Player Number,Subroto Banerjee,12,
2002/03,Milestone,Cap Number,Player Number,Brett Collison,13,
2002/03,Milestone,Cap Number,Player Number,Jarryd Gordon,14,
2002/03,Milestone,Cap Number,Player Number,Dean Carr,15,
2002/03,Milestone,Cap Number,Player Number,Craig Michie,16,
2002/03,Milestone,Cap Number,Player Number,Cameron Lane,17,
2002/03,Milestone,Cap Number,Player Number,Craig Pilbin,18,
2002/03,Milestone,Cap Number,Player Number,Mitchell Medway,19,
2002/03,Milestone,Cap Number,Player Number,Andrew Maher,20,
2002/03,Milestone,Cap Number,Player Number,Andrew O'Brien,21,Andrew O Brien
2003/04,Milestone,Cap Number,Player Number,Michael Goeke,22,
2003/04,Milestone,Cap Number,Player Number,Greg Clarence,23,
2003/04,Milestone,Cap Number,Player Number,Shane Cook,24,
2003/04,Milestone,Cap Number,Player Number,Jason Hopkins,25,
2003/04,Milestone,Cap Number,Player Number,Cameron Cook,26,
2003/04,Milestone,Cap Number,Player Number,Greg Liiis,27,
2003/04,Milestone,Cap Number,Player Number,Nathan Wakefield,28,
2003/04,Milestone,Cap Number,Player Number,Justin Nelson,29,
2003/04,Milestone,Cap Number,Player Number,Sean Clarence,30,
2004/05,Milestone,Cap Number,Player Number,Matthew Shenke,31,
2004/05,Milestone,Cap Number,Player Number,Patrick Jackson,32,
2004/05,Milestone,Cap Number,Player Number,Andrew Gale,33,
2004/05,Milestone,Cap Number,Player Number,Paul Maraziotis,34,
2005/06,Milestone,Cap Number,Player Number,Ryan Snape,35,
2005/06,Milestone,Cap Number,Player Number,Ben Shultz,36,
2005/06,Milestone,Cap Number,Player Number,Peter Spurr,37,
2005/06,Milestone,Cap Number,Player Number,Karl Turner,38,
2005/06,Milestone,Cap Number,Player Number,Neil Saker,39,
2005/06,Milestone,Cap Number,Player Number,Sutharsan Sivapalan,40,
2005/06,Milestone,Cap Number,Player Number,Noel Ellis,41,
2005/06,Milestone,Cap Number,Player Number,Wendel Delpechitra,42,
2005/06,Milestone,Cap Number,Player Number,Don Nash,43,
2006/07,Milestone,Cap Number,Player Number,Glenn Bradley,44,
2006/07,Milestone,Cap Number,Player Number,Rohit Ramanathan,45,
2006/07,Milestone,Cap Number,Player Number,Matthew Bursa,46,
2006/07,Milestone,Cap Number,Player Number,Joe Audit,47,
2006/07,Milestone,Cap Number,Player Number,Corey Lowe,48,
2007/08,Milestone,Cap Number,Player Number,Loren Wood,49,
2007/08,Milestone,Cap Number,Player Number,Bryan Morris,50,
2007/08,Milestone,Cap Number,Player Number,Kerrod Gordon,51,
2007/08,Milestone,Cap Number,Player Number,Kurt Roughley,52,
2007/08,Milestone,Cap Number,Player Number,Nathan Taylor,53,
2007/08,Milestone,Cap Number,Player Number,Ben Rogers,54,
2008/09,Milestone,Cap Number,Player Number,Grant Crompton,55,
2008/09,Milestone,Cap Number,Player Number,Cos Beadle,56,
2008/09,Milestone,Cap Number,Player Number,Michael Bright,57,
2008/09,Milestone,Cap Number,Player Number,Josh Bridges,58,
2008/09,Milestone,Cap Number,Player Number,Jacob Lalor,59,
2009/10,Milestone,Cap Number,Player Number,Nick Carruthers,60,
2009/10,Milestone,Cap Number,Player Number,Andrew Pedrana,61,
2009/10,Milestone,Cap Number,Player Number,Tim McIntosh,62,Tim Mc Intosh
2009/10,Milestone,Cap Number,Player Number,Kish Nadesan,63,
2009/10,Milestone,Cap Number,Player Number,Danel Jackson,64,
2009/10,Milestone,Cap Number,Player Number,Gurinder Sandhu,65,
2010/11,Milestone,Cap Number,Player Number,Matt Foster,66,
2010/11,Milestone,Cap Number,Player Number,Mark Hill,67,
2010/11,Milestone,Cap Number,Player Number,Nathan Sowter,68,
2010/11,Milestone,Cap Number,Player Number,Daniel Burns,69,
2010/11,Milestone,Cap Number,Player Number,Cameron Nuiper,70,
2010/11,Milestone,Cap Number,Player Number,Tony Clark,71,
2010/11,Milestone,Cap Number,Player Number,Corey Collymore,72,
2011/12,Milestone,Cap Number,Player Number,Nathan Hodges,73,
2011/12,Milestone,Cap Number,Player Number,Gabriel Joseph,74,
2011/12,Milestone,Cap Number,Player Number,Daya Singh,75,
2011/12,Milestone,Cap Number,Player Number,Mitchell Hinds,76,
2011/12,Milestone,Cap Number,Player Number,Grant McCartin,77,Grant Mc Cartin
2012/13,Milestone,Cap Number,Player Number,John Procajilo,78,
2012/13,Milestone,Cap Number,Player Number,Nathan Hinton,79,
2012/13,Milestone,Cap Number,Player Number,Damien Wall,80,
2012/13,Milestone,Cap Number,Player Number,Adam Esposito,81,
2012/13,Milestone,Cap Number,Player Number,Josh Hilder,82,
2012/13,Milestone,Cap Number,Player Number,Kerian Buntng,83,
2012/13,Milestone,Cap Number,Player Number,Sanjay Parasher,84,
2013/14,Milestone,Cap Number,Player Number,Simon Keen,85,SimonKeen
2013/14,Milestone,Cap Number,Player Number,Uzair Qureshi,86,
2013/14,Milestone,Cap Number,Player Number,Aaron Llilley,87,
2013/14,Milestone,Cap Number,Player Number,Jagveer Panesar,88,jagveer Panesar
2013/14,Milestone,Cap Number,Player Number,Dylan Bent,89,
2013/14,Milestone,Cap Number,Player Number,Lahlan O'Connor,90,Lahlan O connor
2014/15,Milestone,Cap Number,Player Number,Andrew Salter,91,
2014/15,Milestone,Cap Number,Player Number,Ryan Hadley,92,
2014/15,Milestone,Cap Number,Player Number,Paul Horton,93,
2014/15,Milestone,Cap Number,Player Number,Jake Fawcett,94,
2015/16,Milestone,Cap Number,Player Number,Usman Butt,95,
2015/16,Milestone,Cap Number,Player Number,Kurt Neiss,96,
2016/17,Milestone,Cap Number,Player Number,Dean Crawford,97,
2016/17,Milestone,Cap Number,Player Number,Daniel Nicotra,98,
2016/17,Milestone,Cap Number,Player Number,Nick Watkins,99,
2016/17,Milestone,Cap Number,Player Number,George Greenaway,100,
2016/17,Milestone,Cap Number,Player Number,Mohammed Shinwari,101,
2016/17,Milestone,Cap Number,Player Number,Gurinder Hara,102,
2016/17,Milestone,Cap Number,Player Number,Dhruv Kant,103,
2016/17,Milestone,Cap Number,Player Number,Jordan Gauci,104,
2017/18,Milestone,Cap Number,Player Number,Jas Cheema,105,
2017/18,Milestone,Cap Number,Player Number,Anjan Oberai,106,
2017/18,Milestone,Cap Number,Player Number,Toby Flynn-Duncombe,107,Toby Flynn -Duncombe
2017/18,Milestone,Cap Number,Player Number,Matt Day,108,
2017/18,Milestone,Cap Number,Player Number,James Newton,109,
2017/18,Milestone,Cap Number,Player Number,Asfar Riaz,110,
2018/19,Milestone,Cap Number,Player Number,Smit Raval,111,
2018/19,Milestone,Cap Number,Player Number,Antum Naqvi,112,
2018/19,Milestone,Cap Number,Player Number,Salmon Irshad,113,
2018/19,Milestone,Cap Number,Player Number,Tom Draca,114,
2018/19,Milestone,Cap Number,Player Number,Hunar Verma,115,
2019/20,Milestone,Cap Number,Player Number,Hameed Kherkah,116,
2019/20,Milestone,Cap Number,Player Number,Taj Brar,117,
2019/20,Milestone,Cap Number,Player Number,Dom O'Shannessy,118,Dom O Shannessy
2019/20,Milestone,Cap Number,Player Number,Jono Sammut,119,
2019/20,Milestone,Cap Number,Player Number,Harmon Sandhu,120,
2019/20,Milestone,Cap Number,Player Number,Eknoor Singh,121,
2019/20,Milestone,Cap Number,Player Number,Waqas Tareen,122,
2019/20,Milestone,Cap Number,Player Number,Tom Atlee,123,
2019/20,Milestone,Cap Number,Player Number,Will Chesterfield,124,
2019/20,Milestone,Cap Number,Player Number,Smit Doshi,125,
2019/20,Milestone,Cap Number,Player Number,Yanni Theodorakopoulos,126,
2020/21,Milestone,Cap Number,Player Number,Govanni Di Bartolo,127,
2020/21,Milestone,Cap Number,Player Number,Rafa Shirazi,128,
2021/22,Milestone,Cap Number,Player Number,Harjas Singh,129,
2021/22,Milestone,Cap Number,Player Number,Jacob Wood,130,
2021/22,Milestone,Cap Number,Player Number,Hayden Fox,131,
2022/23,Milestone,Cap Number,Player Number,Gaurav Dogra,132,
2022/23,Milestone,Cap Number,Player Number,Will Affleck,133,
2022/23,Milestone,Cap Number,Player Number,Tim Affleck,134,
2022/23,Milestone,Cap Number,Player Number,Puru Gaur,135,
2022/23,Milestone,Cap Number,Player Number,Jeremy Nunan,136,
2022/23,Milestone,Cap Number,Player Number,Jack Blatherwick,137,
2022/23,Milestone,Cap Number,Player Number,Ben Butler,138,
2022/23,Milestone,Cap Number,Player Number,Kunj Changela,139,
2023/24,Milestone,Cap Number,Player Number,Manish Malhotra,140,
2023/24,Milestone,Cap Number,Player Number,Gus Small,141,
2023/24,Milestone,Cap Number,Player Number,Josh Boyden,142,
2023/24,Milestone,Cap Number,Player Number,Darsh Patel,143,
2023/24,Milestone,Cap Number,Player Number,Walid Jalil,144,
2024/25,Milestone,Cap Number,Player Number,Arthav Deshpande,145,
2024/25,Milestone,Cap Number,Player Number,Justin Avendano,146,
2024/25,Milestone,Cap Number,Player Number,Guy Hammond,147,
2024/25,Milestone,Cap Number,Player Number,Mandar Mariguddi,148,
2024/25,Milestone,Cap Number,Player Number,Jaylen Mallawaratchy,149,
