Team,Scope,Record,Side,Score,Opponent,Grade,Month,Season
Whole of Club,Club,Highest innings total,for,553,Basket Range,4th XI,Oct-56,1956/57
Whole of Club,Club,Highest innings total,for,8/488,Woodville,1st XI,Mar-48,1947/48
Whole of Club,Club,Highest innings total,for,3/486,University,1st XI,Nov-43,1943/44
Whole of Club,Club,Highest innings total,for,7/451,AHOS,2nd XI,Mar-95,1994/95
Whole of Club,Club,Highest innings total,for,449,SPOC,2nd XI,Mar-55,1954/55
Whole of Club,Club,Highest innings total,for,9/441,Flinders Universi,ty 1st XI,Oct-06,2006/07
Whole of Club,Club,Highest innings total,for,5/434,SPOC,1st XI,Feb-10,2009/10
Whole of Club,Club,Highest innings total,for,5/429,PAOC,5th XI,Nov-90,1990/91
Whole of Club,Club,Highest innings total,for,9/413,Brighton,2nd XI,Mar-49,1948/49
Whole of Club,Club,Highest innings total,for,7/403,AHOS,2nd XI,Jan-14,2013/14
Whole of Club,Club,Highest innings total,for,9/393,Pooraka,2nd XI,Feb-13,2012/13
Whole of Club,Club,Highest innings total,for,9/385,Collegians,1st XI,Nov-40,1940/41
Whole of Club,Club,Highest innings total against,against,7/518,Richmond Clare,nce Pk 1st XI,Mar-04,2003/04
Whole of Club,Club,Highest innings total against,against,8/484,Adelaide Unive,rsity 5th XI,Jan-96,1995/96
Whole of Club,Club,Highest innings total against,against,8/452,Modbury,3rd XI,Nov-05,2005/06
Whole of Club,Club,Highest innings total against,against,8/441,Adelaide High,O S 3rd XI,Nov-97,1997/98
Whole of Club,Club,Highest innings total against,against,6/421,PAOC,3rd XI,Mar-22,2021/22
Whole of Club,Club,Highest innings total against,against,413,Grange,5th XI,Nov-02,2002/03
Whole of Club,Club,Highest innings total against,against,9/410,Paracombe,4th XI,Feb-58,1957/58
Whole of Club,Club,Highest innings total against,against,3/408,Elders-U S A,4th XI,Nov-02,2002/03
Whole of Club,Club,Highest innings total against,against,8/406,Gaza,1st XI,Dec-93,1993/94
Whole of Club,Club,Lowest completed innings total against,against,4,WREI,1st XI,Oct-72,1972/73
Whole of Club,Club,Lowest completed innings total against,against,4,East Torrens,6th XI,Nov-73,1973/74
Whole of Club,Club,Lowest completed innings total against,against,6,Greenacres,Under 14,Dec-95,1995/96
Whole of Club,Club,Lowest completed innings total against,against,9,Brighton,Under 16,Mar-90,1989/90
Whole of Club,Club,Lowest completed innings total against,against,12,Charles Birks @ Motors,3rd XI,Mar-51,1950/51
Whole of Club,Club,Lowest completed innings total against,against,12,Gepps Cross,U11 Kght,Feb-09,2008/09
Whole of Club,Club,Lowest completed innings total against,against,13,Col Light Gardens,1st XI,Oct-52,1952/53
Whole of Club,Club,Lowest completed innings total against,against,15,Kilburn,U11 Blue,Oct-08,2008/09
Whole of Club,Club,Lowest completed innings total against,against,16,Elder Smith,4th XI,Dec-59,1959/60
Whole of Club,Club,Lowest completed innings total against,against,16,Kilburn,6th XI,Oct-71,1971/72
Whole of Club,Payneham Oval,Highest innings total,for,7/451,AHOS,2nd XI,Mar-95,1994/95
Whole of Club,Payneham Oval,Highest innings total,for,9/441,Flinders Univers,ity 1st XI,Oct-06,2006/07
Whole of Club,Payneham Oval,Highest innings total,for,9/393,Pooraka,2nd XI,Feb-13,2012/13
Whole of Club,Payneham Oval,Highest innings total,for,7/376,SPOC,1st XI,Dec-07,2007/08
Whole of Club,Payneham Oval,Highest innings total,for,8/370,AHOS,1st XI,Oct-03,2003/04
Whole of Club,Payneham Oval,Highest innings total,for,184,NJ Mosey,1st XI,Oct-06,2006/07
Whole of Club,Payneham Oval,Highest innings total,for,175,RHJ Westley,1st XI,Oct-21,2021/22
Whole of Club,Payneham Oval,Highest innings total,for,173,JA Jacobs,2nd XI,Jan-04,2003/04
Whole of Club,Payneham Oval,Highest innings total,for,169,AS Foster,1st XI,Oct-93,1993/94
Whole of Club,Payneham Oval,Highest innings total,for,6/355,Gepps Cross,4th XI,Feb-99,1998/99
Whole of Club,Payneham Oval,Highest innings total,for,6/349,Ferryden Park,3rd XI,Oct-90,1990/91
Whole of Club,Payneham Oval,Highest innings total,for,9/348,Brahma Lodge,3rd XI,Dec-19,2019/20
Whole of Club,Payneham Oval,Highest innings total,for,348,Penfield,4th XI,Jan-99,1998/99
Whole of Club,Payneham Oval,Highest innings total,for,9/347,Gepps Cross,4th XI,Oct-92,1992/93
Whole of Club,Payneham Oval,Highest innings total,for,177,SG Hill,4th XI,Feb-99,1998/99
Whole of Club,Payneham Oval,Highest innings total,for,166,PJ Mander,4th XI,Oct-90,1990/91
Whole of Club,Payneham Oval,Highest innings total,for,141,AG Durdin,3rd XI,Nov-05,2005/06
Whole of Club,Club,Highest innings total,for,6/358,Modbury Gold,U15 Kght,Feb-06,2005/06
Whole of Club,Club,Highest innings total,for,5/355,Flinders Universit,y 6th LO,Nov-04,2004/05
Whole of Club,Club,Highest innings total,for,8/331,KOCA,3rd XI,Nov-63,1963/64
Whole of Club,Club,Highest innings total,for,7/322,Fulham,5th XI,Dec-85,1985/86
Whole of Club,Club,Highest innings total,for,201,WJ Vanniekerk,5th XI,Nov-90,1990/91
Whole of Club,Club,Highest innings total,for,141,G Heading,3rd XI,Jan-71,1970/71
Whole of Club,Club,Highest innings total,for,139,BM Skurrie,6th LO,Nov-04,2004/05
Whole of Club,Club,Highest innings total,for,132,CS Forth,5th XI,Nov-85,1985/86
Whole of Club,Club,Highest innings total,for,9/361,Jury & Spiers,3rd XI,Jan-54,1953/54
Whole of Club,Club,Highest innings total,for,327,Basket Range,4th XI,Jan-58,1957/58
Whole of Club,Club,Highest innings total,for,7/305,Baulderstone,3rd XI,Mar-53,1952/53
Whole of Club,Club,Highest innings total,for,7/298,Stepney Y C,3rd XI,Feb-55,1954/55
Whole of Club,Club,Highest innings total,for,268,Grange,5th XI,Feb-68,1967/68
Whole of Club,Club,Highest innings total,for,134,JG Squire,3rd XI,Mar-52,1951/52
Whole of Club,Club,Highest innings total,for,132,RW Morbey,4th XI,Jan-58,1957/58
Whole of Club,Club,Highest innings total,for,101,J Towill,Colts,Feb-54,1953/54
Whole of Club,Club,Highest innings total,for,96,FG Gillman,Colts,Mar-53,1952/53
Whole of Club,Club,Highest innings total,for,343,Walkerville,Under 16,Dec-78,1978/79
Whole of Club,Club,Highest innings total,for,6/334,Modbury,Under 16,Feb-87,1986/87
Whole of Club,Club,Highest innings total,for,6/304,Hope Valley,Under 16,Jan-91,1990/91
Whole of Club,Club,Highest innings total,for,5/303,Athelstone,Under 16,Jan-87,1986/87
Whole of Club,Club,Highest innings total,for,7/298,Grange,Under 14,Feb-89,1988/89
Whole of Club,Club,Highest innings total,for,180,M Boffa,Under 16,Feb-80,1979/80
Whole of Club,Club,Highest innings total,for,4/342,Ingle Farm,Under 16,Dec-91,1991/92
Whole of Club,Club,Highest innings total,for,5/334,Fulham,Under 16,Feb-94,1993/94
Whole of Club,Club,Highest innings total,for,8/314,Marion,Under 16,Jan-92,1991/92
Whole of Club,Club,Highest innings total,for,6/295,Edwardstown,Under 16,Feb-92,1991/92
Whole of Club,Club,Highest innings total,for,4/272,Fitzroy,Under 16,Dec-91,1991/92
Whole of Club,Club,Highest innings total,for,135,SJ Virgo,Under 14,Nov-94,1994/95
Whole of Club,Club,Highest innings total,for,118,MD Bevan,Under 16,Dec-91,1991/92
Whole of Club,Club,Highest innings total,for,105,BL Matheson,Under 16,Dec-91,1991/92
1st XI,Club,Highest innings total,for,8/488,Woodville (gf),,Mar-48,1947/48
1st XI,Club,Highest innings total,for,3/486,University,,Nov-43,1943/44
1st XI,Club,Highest innings total,for,9/441,Flinders University,,Oct-06,2006/07
1st XI,Club,Highest innings total,for,5/434,SPOC,,Feb-10,2009/10
1st XI,Club,Highest innings total,for,385,Collegians,,Nov-40,1940/41
1st XI,Club,Highest innings total,for,9/378,RAAF,,Nov-42,1942/43
1st XI,Club,Highest innings total,for,7/376,SPOC,,Dec-07,2007/08
1st XI,Club,Highest innings total,for,8/370,AHOS,,Oct-03,2003/04
1st XI,Club,Highest innings total,for,9/368,Brighton,,Oct-07,2007/08
1st XI,Club,Highest innings total,for,7/366,SPOC,,Nov-99,1999/00
1st XI,Club,Lowest completed innings total,for,30,Grange,,Dec-16,2016/17
1st XI,Club,Lowest completed innings total,for,31,Edwardstown,,Oct-62,1962/63
1st XI,Club,Lowest completed innings total,for,33,Port Districts,,Nov-17,2017/18
1st XI,Club,Lowest completed innings total,for,35,PAOC,,Jan-63,1962/63
1st XI,Club,Lowest completed innings total,for,36,Brighton,,Jan-77,1976/77
1st XI,Club,Lowest completed innings total,for,40,Clarence Park,,Feb-62,1961/62
1st XI,Club,Lowest completed innings total,for,42,Glenelg,,Feb-75,1974/75
1st XI,Club,Lowest completed innings total,for,44,Adelaide Lions,,Feb-22,2021/22
1st XI,Club,Lowest completed innings total,for,45,Edwardstown,,Nov-63,1963/64
1st XI,Club,Lowest completed innings total,for,46,Glenelg,,Feb-75,1974/75
1st XI,Club,Highest innings total against,against,7/518,Richmond Clarence Pk,,Mar-04,2003/04
1st XI,Club,Highest innings total against,against,8/406,Gaza,,Dec-93,1993/94
1st XI,Club,Highest innings total against,against,390,Sturt,,Nov-42,1942/43
1st XI,Club,Highest innings total against,against,8/385,Pooraka,,Mar-18,2017/18
1st XI,Club,Highest innings total against,against,6/373,Grange,,Nov-03,2003/04
1st XI,Club,Highest innings total against,against,9/371,Grange,,Feb-99,1998/99
1st XI,Club,Highest innings total against,against,3/366,RAAF,,Jan-44,1943/44
1st XI,Club,Highest innings total against,against,7/366,SPOC,,Nov-99,1999/00
1st XI,Club,Highest innings total against,against,358,Woodville Rechabites,,Feb-12,2011/12
1st XI,Club,Highest innings total against,against,3/356,Reynella,,Nov-16,2016/17
1st XI,Club,Lowest completed innings total against,against,4,WREI,,Oct-72,1972/73
1st XI,Club,Lowest completed innings total against,against,13,Col Light Gardens,,Oct-52,1952/53
1st XI,Club,Lowest completed innings total against,against,19,Kelvinator,,Nov-56,1956/57
1st XI,Club,Lowest completed innings total against,against,20,Richmond,,Oct-58,1958/59
1st XI,Club,Lowest completed innings total against,against,24,WREI,,Jan-63,1962/63
1st XI,Club,Lowest completed innings total against,against,25,Richmond,,Oct-92,1992/93
1st XI,Club,Lowest completed innings total against,against,26,Tea Tree Gully,,Oct-71,1971/72
1st XI,Club,Lowest completed innings total against,against,34,Concordia OC,,Oct-06,2006/07
1st XI,Club,Lowest completed innings total against,against,35,Edwardstown,,Nov-69,1969/70
1st XI,Club,Lowest completed innings total against,against,38,Brighton,,Mar-15,2014/15
1st XI,Payneham Oval,Highest innings total,for,7/376,SPOC,,Dec-07,2007/08
1st XI,Payneham Oval,Highest innings total,for,8/370,AHOS,,Oct-03,2003/04
1st XI,Payneham Oval,Highest innings total,for,363,PAOC,,Feb-54,1953/54
1st XI,Payneham Oval,Highest innings total,for,349,Brighton,,Mar-54,1953/54
1st XI,Payneham Oval,Highest innings total,for,184,NJ Mosey,,Oct-06,2006/07
1st XI,Payneham Oval,Highest innings total,for,169,AS Foster,,Oct-93,1993/94
1st XI,Payneham Oval,Highest innings total,for,168,NJ Mosey,,Oct-07,2007/08
1st XI,Payneham Oval,Highest innings total,for,8/285,SPOC,,Mar-87,1986/87
1st XI,Payneham Oval,Highest innings total,for,8/283,Port Adelaide,,Nov-39,1939/40
1st XI,Payneham Oval,Highest innings total,for,9/280,Brighton,,Mar-92,1991/92
1st XI,Payneham Oval,Highest innings total,for,278,Clarence Park,,Nov-54,1954/55
1st XI,Payneham Oval,Highest innings total,for,130,JW Stagg,,Feb-18,2017/18
1st XI,Payneham Oval,Highest innings total,for,99,PJ Raymond,,Feb-89,1988/89
1st XI,Payneham Oval,Highest innings total,for,90,GA Wills,,Nov-97,1997/98
1st XI,Caterer Oval,Highest innings total,for,5/434,SPOC,,Feb-10,2009/10
1st XI,Caterer Oval,Highest innings total,for,7/366,SPOC,,Nov-99,1999/00
1st XI,Caterer Oval,Highest innings total,for,344,SPOC,,Feb-09,2008/09
1st XI,Caterer Oval,Highest innings total,for,292,SPOC,,Feb-90,1989/90
1st XI,Caterer Oval,Highest innings total,for,291,SPOC,,Jan-53,1952/53
1st XI,Caterer Oval,Highest innings total,for,175,LA Harrington,,Feb-10,2009/10
1st XI,Caterer Oval,Highest innings total,for,159,JW Stagg,,Feb-09,2008/09
1st XI,Caterer Oval,Highest innings total,for,125,JW Stagg,,Feb-10,2009/10
1st XI,Caterer Oval,Highest innings total,for,115,BL Bowley,,Oct-60,1960/61
1st XI,Caterer Oval,Highest innings total,for,111,GA Wills,,Nov-99,1999/00
1st XI,Caterer Oval,Highest innings total,for,8/488,Woodville g.f.,,Mar-48,1947/48
1st XI,Caterer Oval,Highest innings total,for,9/368,Brighton,,Oct-07,2007/08
1st XI,Caterer Oval,Highest innings total,for,4/295,Brighton,,Feb-50,1949/50
1st XI,Caterer Oval,Highest innings total,for,266,Railways s.f.,,Mar-53,1952/53
1st XI,Caterer Oval,Highest innings total,for,6/247,Brighton,,Jan-87,1986/87
1st XI,Caterer Oval,Highest innings total,for,161,KJ Duke g.f.,,Mar-48,1947/48
1st XI,Caterer Oval,Highest innings total,for,145,SM Ellicott,,Oct-07,2007/08
1st XI,Caterer Oval,Highest innings total,for,142,WH Toy g.f.,,Mar-48,1947/48
1st XI,Caterer Oval,Highest innings total,for,129,M Sheikh,,Oct-07,2007/08
1st XI T20,Club,Highest innings total,for,2/176,Hectorville,,Jan-09,2008/09
1st XI T20,Club,Highest innings total,for,3/170,Rostrevor O C,,Feb-09,2008/09
1st XI T20,Club,Highest innings total,for,8/168,AHOS,,Jan-10,2009/10
1st XI T20,Club,Highest innings total,for,7/162,Port Districts,,Dec-07,2007/08
1st XI T20,Club,Highest innings total,for,7/156,PAOC,,Nov-05,2005/06
1st XI T20,Club,Highest innings total,for,6/154,Goodwood,,Dec-12,2012/13
1st XI T20,Club,Highest innings total,for,8/154,Walkerville,,Nov-07,2007/08
1st XI T20,Club,Highest innings total,for,3/152,Reynella,,Nov-13,2013/14
1st XI T20,Club,Highest innings total,for,1/147,Hope Valley,,Feb-08,2007/08
1st XI T20,Club,Highest innings total,for,8/146,Modbury,,Nov-21,2021/22
1st XI T20,Club,Highest innings total,for,6/176,Gepps Cross,,Dec-21,2021/22
1st XI T20,Club,Highest innings total,for,7/174,Kensington,,Dec-21,2021/22
1st XI T20,Club,Lowest 20-over innings total,for,45,Gepps Cross,,Dec-21,2021/22
1st XI T20,Club,Lowest 20-over innings total,for,66,SPOC,,Dec-17,2017/18
1st XI T20,Club,Lowest 20-over innings total,for,81,Ingle Farm,,Dec-18,2018/19
1st XI T20,Club,Lowest 20-over innings total,for,83,Rostrevor O C,,Jan-15,2014/15
1st XI T20,Club,Lowest 20-over innings total,for,91,PAOC,,Dec-10,2010/11
1st XI T20,Club,Lowest 20-over innings total,for,91,Pembroke O S,,Dec-16,2016/17
1st XI T20,Club,Lowest 20-over innings total,for,93,SHOC,,Feb-05,2004/05
1st XI T20,Club,Lowest 20-over innings total,for,93,Pooraka,,Jan-13,2012/13
1st XI T20,Club,Lowest 20-over innings total,for,96,PAOC,,Feb-12,2011/12
1st XI T20,Club,Lowest 20-over innings total,for,48,Woodville Rechabites,,Nov-13,2013/14
1st XI T20,Club,Lowest 20-over innings total,for,54,South Road,,Mar-13,2012/13
1st XI T20,Club,Highest innings total against,against,6/176,Gepps Cross,,Dec-21,2021/22
1st XI T20,Club,Highest innings total against,against,7/174,Kensington,,Dec-21,2021/22
1st XI T20,Club,Highest innings total against,against,6/169,SHOC,,Feb-08,2007/08
1st XI T20,Club,Highest innings total against,against,6/157,Woodville South,,Nov-19,2019/20
1st XI T20,Club,Highest innings total against,against,6/154,Grange,,Feb-09,2008/09
1st XI T20,Club,Highest innings total against,against,6/153,Ingle Farm,,Nov-17,2017/18
1st XI T20,Club,Highest innings total against,against,8/152,Pooraka,,Nov-14,2014/15
1st XI T20,Club,Highest innings total against,against,5/146,Athelstone,,Nov-22,2022/23
1st XI T20,Club,Highest innings total against,against,1/144,Trinity O S,,Dec-22,2022/23
1st XI T20,Club,Highest innings total against,against,144,Hope Valley,,Feb-08,2007/08
1st XI T20,Club,Lowest 20-over innings total against,against,48,Woodville Rechabites,,Nov-13,2013/14
1st XI T20,Club,Lowest 20-over innings total against,against,54,South Road,,Mar-13,2012/13
1st XI T20,Club,Lowest 20-over innings total against,against,57,Modbury,,Feb-10,2009/10
1st XI T20,Club,Lowest 20-over innings total against,against,57,Pembroke O S,,Nov-14,2014/15
1st XI T20,Club,Lowest 20-over innings total against,against,64,Pembroke O S,,Jan-11,2010/11
1st XI T20,Club,Lowest 20-over innings total against,against,75,Walkerville,,Jan-10,2009/10
1st XI T20,Club,Lowest 20-over innings total against,against,77,Rostrevor O C,,Jan-12,2011/12
1st XI T20,Club,Lowest 20-over innings total against,against,77,Craigmore,,Dec-12,2012/13
1st XI T20,Club,Lowest 20-over innings total against,against,78,Goodwood,,Jan-11,2010/11
1st XI T20,Club,Lowest 20-over innings total against,against,78,Rostrevor O C,,Dec-15,2015/16
Women's 1st IX T20,Club,Highest innings total,for,3/164,Kensington,,Mar-18,2017/18
Women's 1st IX T20,Club,Highest innings total,for,3/162,Reynella,,Mar-19,2018/19
Women's 1st IX T20,Club,Highest innings total,for,5/159,Kensington,,Nov-17,2017/18
Women's 1st IX T20,Club,Highest innings total,for,3/142,Eastern Falcons,,Jan-22,2021/22
Women's 1st IX T20,Club,Highest innings total,for,1/135,Glenelg,,Mar-19,2018/19
Women's 1st IX T20,Club,Lowest 20-over innings total,for,29,Pooraka,,Oct-22,2022/23
Women's 1st IX T20,Club,Lowest 20-over innings total,for,36,Sturt,,Feb-20,2019/20
Women's 1st IX T20,Club,Lowest 20-over innings total,for,41,Glenelg,,Feb-19,2018/19
Women's 1st IX T20,Club,Lowest 20-over innings total,for,53,Glenelg,,Dec-21,2021/22
Women's 1st IX T20,Club,Lowest 20-over innings total,for,7/61,Adelaide University,,Nov-20,2020/21
Women's 1st IX T20,Club,Lowest 20-over innings total,for,6/61,Pooraka,,Nov-21,2021/22
Women's 1st IX T20,Club,Lowest 20-over innings total,for,5/76,Adelaide University,,Feb-18,2017/18
Women's 1st IX T20,Club,Lowest 20-over innings total,for,3/74,Sturt,,Oct-20,2020/21
Women's 1st IX T20,Club,Lowest 20-over innings total,for,4/88,Reynella,,Nov-20,2020/21
Women's 1st IX T20,Club,Highest innings total against,against,4/192,Adelaide,,Oct-21,2021/22
Women's 1st IX T20,Club,Highest innings total against,against,2/176,Pooraka,,Oct-22,2022/23
Women's 1st IX T20,Club,Highest innings total against,against,3/141,Reynella,,Dec-21,2021/22
Women's 1st IX T20,Club,Highest innings total against,against,5/136,Gepps Cross,,Nov-17,2017/18
Women's 1st IX T20,Club,Highest innings total against,against,3/124,Trinity Col. OS,,Nov-18,2018/19
Women's 1st IX T20,Club,Highest innings total against,against,104,Gepps Cross 2,,Mar-21,2020/21
Women's 1st IX T20,Club,Highest innings total against,against,3/101,Trinity Col. OS,,Feb-18,2017/18
Women's 1st IX T20,Club,Lowest 20-over innings total against,against,18,Glenelg Black,,Nov-19,2019/20
Women's 1st IX T20,Club,Lowest 20-over innings total against,against,33,Gepps Cross 1,,Dec-20,2020/21
Women's 1st IX T20,Club,Lowest 20-over innings total against,against,4/49,Reynella,,Feb-18,2017/18
Women's 1st IX T20,Club,Lowest 20-over innings total against,against,51,Sturt,,Dec-19,2019/20
Women's 1st IX T20,Club,Lowest 20-over innings total against,against,6/51,Port Adelaide,,Nov-19,2019/20
Women's 1st IX T20,Club,Lowest 20-over innings total against,against,6/53,Glenelg,,Mar-19,2018/19
Women's 1st IX T20,Club,Lowest 20-over innings total against,against,6/54,Payneham Gold,,Jan-20,2019/20
Women's 1st IX T20,Club,Lowest 20-over innings total against,against,57,Trinity Col.,,Feb-20,2019/20
Women's 1st IX T20,Club,Lowest 20-over innings total against,against,6/57,Trinity Col.,,Mar-20,2019/20
Women's 1st IX T20,Club,Highest innings total,for,553,Basket Range,4th XI,Oct-56,1956/57
Women's 1st IX T20,Club,Highest innings total,for,7/451,AHOS,2nd XI,Mar-95,1994/95
Women's 1st IX T20,Club,Highest innings total,for,449,SPOC s.f.,2nd XI,Mar-55,1954/55
Women's 1st IX T20,Club,Highest innings total,for,5/429,PAOC,5th XI,Nov-90,1990/91
Women's 1st IX T20,Club,Highest innings total,for,9/413,Brighton,2nd XI,Mar-49,1948/49
Women's 1st IX T20,Club,Highest innings total,for,9/410,Paracombe,4th XI,Feb-58,1957/58
Women's 1st IX T20,Club,Highest innings total,for,7/403,AHOS,2nd XI,Jan-14,2013/14
Women's 1st IX T20,Club,Highest innings total,for,9/393,Pooraka,2nd XI,Feb-13,2012/13
Women's 1st IX T20,Club,Highest innings total,for,375,SPOC,2nd XI,Mar-52,1951/52
Women's 1st IX T20,Club,Highest innings total,for,9/372,SPOC,2nd XI,Nov-13,2013/14
Women's 1st IX T20,Club,Highest innings total against,against,8/484,Adelaide Universi,ty 5th XI,Jan-96,1995/96
Women's 1st IX T20,Club,Highest innings total against,against,8/452,Modbury,3rd XI,Nov-05,2005/06
Women's 1st IX T20,Club,Highest innings total against,against,8/441,Adelaide High O S,3rd XI,Nov-97,1997/98
Women's 1st IX T20,Club,Highest innings total against,against,7/429,Marion,3rd XI,Jan-19,2018/19
Women's 1st IX T20,Club,Highest innings total against,against,6/421,PAOC,3rd XI,Mar-22,2021/22
Women's 1st IX T20,Club,Highest innings total against,against,413,Grange,5th XI,Nov-02,2002/03
Women's 1st IX T20,Club,Highest innings total against,against,9/410,Paracombe,4th XI,Feb-58,1957/58
Women's 1st IX T20,Club,Highest innings total against,against,3/408,Elders-U S A,4th XI,Nov-02,2002/03
Women's 1st IX T20,Club,Highest innings total against,against,6/403,Richmond Clarence,Pk 2nd XI,Oct-98,1998/99
Women's 1st IX T20,Club,Highest innings total against,against,6/397,Flinders Park,6th XI,Feb-01,2000/01
Women's 1st IX T20,Club,Lowest completed innings total against,against,4,East Torrens,6th XI,Nov-73,1973/74
Women's 1st IX T20,Club,Lowest completed innings total against,against,12,Charles Birks,3rd XI,Mar-51,1950/51
Women's 1st IX T20,Club,Lowest completed innings total against,against,16,ElderSmith,4th XI,Dec-59,1959/60
Women's 1st IX T20,Club,Lowest completed innings total against,against,16,Kilburn,6th XI,Oct-71,1971/72
Women's 1st IX T20,Club,Lowest completed innings total against,against,16,Clarence Park,6th XI,Nov-74,1974/75
Women's 1st IX T20,Club,Lowest completed innings total against,against,16,Old Scotch,6th LO,Jan-06,2005/06
Women's 1st IX T20,Club,Lowest completed innings total against,against,17,Commonwealth Bank,6th XI,Nov-75,1975/76
Women's 1st IX T20,Club,Lowest completed innings total against,against,18,Brighton,2nd XI,Oct-54,1954/55
Women's 1st IX T20,Club,Lowest completed innings total against,against,19,Royal Park,6th XI,Dec-71,1971/72
Women's 1st IX T20,Club,Lowest completed innings total against,against,20,SPOC,2nd XI,Jan-53,1952/53
2nd XI,Club,Highest innings total,for,7/451,AHOS,,Mar-95,1994/95
2nd XI,Club,Highest innings total,for,449,SPOC,,Mar-55,1954/55
2nd XI,Club,Highest innings total,for,9/413,Brighton,,Mar-49,1948/49
2nd XI,Club,Highest innings total,for,7/403,AHOS,,Jan-14,2013/14
2nd XI,Club,Highest innings total,for,9/393,Pooraka,,Feb-13,2012/13
2nd XI,Club,Highest innings total,for,375,SPOC,,Mar-52,1951/52
2nd XI,Club,Highest innings total,for,9/372,SPOC,,Nov-13,2013/14
2nd XI,Club,Highest innings total,for,367,University,,Jan-50,1949/50
2nd XI,Club,Highest innings total,for,9/366,Burnside,,Mar-68,1967/68
2nd XI,Club,Highest innings total,for,364,Brighton,,Jan-04,2003/04
2nd XI,Club,Lowest completed innings total,for,25,Elder Smith,,Oct-58,1958/59
2nd XI,Club,Lowest completed innings total,for,29,Clarence Park,,Dec-47,1947/48
2nd XI,Club,Lowest completed innings total,for,31,Kelvinator,,Nov-61,1961/62
2nd XI,Club,Lowest completed innings total,for,31,Tea Tree Gully,,Jan-70,1969/70
2nd XI,Club,Lowest completed innings total,for,31,Old Scotch,,Feb-72,1971/72
2nd XI,Club,Lowest completed innings total,for,33,SPOC,,Feb-69,1968/69
2nd XI,Club,Lowest completed innings total,for,35,Savings Bank,,Nov-65,1965/66
2nd XI,Club,Lowest completed innings total,for,35,KOCA,,Jan-72,1971/72
2nd XI,Club,Lowest completed innings total,for,36,Kelvinator,,Nov-57,1957/58
2nd XI,Club,Lowest completed innings total,for,40,Edwardstown,,Feb-64,1963/64
2nd XI,Club,Lowest completed innings total,for,18,Brighton,,Oct-54,1954/55
2nd XI,Club,Highest innings total against,against,6/403,Richmond Clarence Pk,,Oct-98,1998/99
2nd XI,Club,Highest innings total against,against,352,Goodwood Baseballers,,Dec-47,1947/48
2nd XI,Club,Highest innings total against,against,350,Woodville South,,Oct-15,2015/16
2nd XI,Club,Highest innings total against,against,8/335,Richmond Clarence Pk,,Jan-95,1994/95
2nd XI,Club,Highest innings total against,against,6/331,Old Ignatians,,Feb-15,2014/15
2nd XI,Club,Highest innings total against,against,7/329,Port Districts,,Feb-08,2007/08
2nd XI,Club,Highest innings total against,against,7/328,Reynella,,Oct-07,2007/08
2nd XI,Club,Highest innings total against,against,316,Flinders Park,,Nov-08,2008/09
2nd XI,Club,Highest innings total against,against,315,Grange,,Nov-96,1996/97
2nd XI,Club,Highest innings total against,against,8/312,SPOC,,Nov-15,2015/16
2nd XI,Club,Lowest completed innings total against,against,18,Brighton,,Oct-54,1954/55
2nd XI,Club,Lowest completed innings total against,against,20,SPOC,,Jan-53,1952/53
2nd XI,Club,Lowest completed innings total against,against,20,Myer,,Feb-53,1952/53
2nd XI,Club,Lowest completed innings total against,against,22,Myer,,Oct-52,1952/53
2nd XI,Club,Lowest completed innings total against,against,24,Elders-G M,,Oct-63,1963/64
2nd XI,Club,Lowest completed innings total against,against,33,WREI,,Feb-69,1968/69
2nd XI,Club,Lowest completed innings total against,against,33,Brighton,,Feb-13,2012/13
2nd XI,Club,Lowest completed innings total against,against,36,Edwardstown,,Jan-88,1987/88
2nd XI,Club,Lowest completed innings total against,against,38,Kelvinator,,Jan-53,1952/53
2nd XI,Club,Lowest completed innings total against,against,39,Sturt,,Nov-53,1953/54
2nd XI T20,Club,Highest innings total,for,5/193,Unley,,Oct-13,2013/14
2nd XI T20,Club,Highest innings total,for,7/156,Rostrevor OC,,Dec-13,2013/14
2nd XI T20,Club,Highest innings total,for,6/152,Walkerville,,Dec-14,2014/15
2nd XI T20,Club,Highest innings total,for,6/151,Goodwood,,Jan-15,2014/15
2nd XI T20,Club,Highest innings total,for,6/139,PAOC,,Dec-17,2017/18
2nd XI T20,Club,Highest innings total,for,4/138,Hectorville,,Nov-12,2012/13
2nd XI T20,Club,Highest innings total,for,5/133,PAOC,,Jan-14,2013/14
2nd XI T20,Club,Highest innings total,for,7/133,SPOC,,Dec-14,2014/15
2nd XI T20,Club,Highest innings total,for,6/129,Pembroke O S,,Dec-22,2022/23
2nd XI T20,Club,Highest innings total,for,3/123,Pulteney OS,,Oct-13,2013/14
2nd XI T20,Club,Highest innings total,for,4/182,Grange,,Dec-05,2005/06
2nd XI T20,Club,Lowest 20-over innings total,for,63,Walkerville,,Nov-07,2007/08
2nd XI T20,Club,Lowest 20-over innings total,for,67,Goodwood,,Nov-16,2016/17
2nd XI T20,Club,Lowest 20-over innings total,for,74,PAOC,,Nov-05,2005/06
2nd XI T20,Club,Lowest 20-over innings total,for,76,Adelaide University,,Nov-19,2019/20
2nd XI T20,Club,Lowest 20-over innings total,for,76,SHOC,,Nov-06,2006/07
2nd XI T20,Club,Lowest 20-over innings total,for,80,Kilburn,,Dec-12,2012/13
2nd XI T20,Club,Lowest 20-over innings total,for,83,Walkerville,,Dec-15,2015/16
2nd XI T20,Club,Lowest 20-over innings total,for,83,Adelaide University,,Nov-22,2022/23
2nd XI T20,Club,Lowest 20-over innings total,for,86,Adelaide University,,Dec-18,2018/19
2nd XI T20,Club,Lowest 20-over innings total,for,88,PAOC,,Feb-15,2014/15
2nd XI T20,Club,Highest innings total against,against,4/182,Grange,,Dec-05,2005/06
2nd XI T20,Club,Highest innings total against,against,7/154,Unley,,Oct-13,2013/14
2nd XI T20,Club,Highest innings total against,against,8/133,Goodwood,,Nov-17,2017/18
2nd XI T20,Club,Highest innings total against,against,9/131,PAOC,,Jan-14,2013/14
2nd XI T20,Club,Highest innings total against,against,127,Mawson Lakes,,Dec-18,2018/19
2nd XI T20,Club,Highest innings total against,against,4/122,Pulteney OS,,Oct-13,2013/14
2nd XI T20,Club,Highest innings total against,against,7/121,Hectorville,,Jan-13,2012/13
2nd XI T20,Club,Lowest 20-over innings total against,against,72,PAOC,,Nov-05,2005/06
2nd XI T20,Club,Lowest 20-over innings total against,against,80,Kilburn,,Dec-12,2012/13
2nd XI T20,Club,Lowest 20-over innings total against,against,80,Hope Valley,,Jan-15,2014/15
2nd XI T20,Club,Lowest 20-over innings total against,against,82,Goodwood,,Jan-15,2014/15
2nd XI T20,Club,Lowest 20-over innings total against,against,88,SHOC,,Nov-06,2006/07
2nd XI T20,Club,Lowest 20-over innings total against,against,88,Rostrevor O C,,Oct-12,2012/13
2nd XI T20,Club,Lowest 20-over innings total against,against,95,Para Hills,,Jan-14,2013/14
2nd XI T20,Club,Lowest 20-over innings total against,against,91,Pulteney O S,,Dec-16,2016/17
2nd XI T20,Club,Lowest 20-over innings total against,against,99,Walkerville,,Dec-14,2014/15
Women's 2nd IX T20,Club,Highest innings total,for,1/107,Glenelg Black,,Feb-20,2019/20
Women's 2nd IX T20,Club,Highest innings total,for,2/107,Glenelg Black,,Jan-21,2020/21
Women's 2nd IX T20,Club,Lowest 20-over innings total,for,27,Kensington,,Feb-24,2023/24
Women's 2nd IX T20,Club,Lowest 20-over innings total,for,29,Pooraka,,Oct-22,2022/23
Women's 2nd IX T20,Club,Lowest 20-over innings total,for,33,Hope Valley,,Nov-23,2023/24
Women's 2nd IX T20,Club,Lowest 20-over innings total,for,38,Pooraka,,Jan-22,2021/22
Women's 2nd IX T20,Club,Lowest 20-over innings total,for,43,Sturt,,Mar-20,2019/20
Women's 2nd IX T20,Club,Lowest 20-over innings total,for,44,Port Adelaide,,Oct-23,2023/24
Women's 2nd IX T20,Club,Lowest 20-over innings total,for,54,Payneham Red,,Jan-20,2019/20
Women's 2nd IX T20,Club,Lowest 20-over innings total,for,65,Para Hills,,Nov-20,2020/21
Women's 2nd IX T20,Club,Lowest 20-over innings total,for,6/57,Port Adelaide,,Dec-21,2021/22
Women's 2nd IX T20,Club,Lowest 20-over innings total,for,59,Gaza,,Oct-23,2023/24
Women's 2nd IX T20,Club,Highest innings total against,against,2/176,Pooraka,,Oct-22,2022/23
Women's 2nd IX T20,Club,Highest innings total against,against,4/144,Adelaide,,Feb-22,2021/22
Women's 2nd IX T20,Club,Highest innings total against,against,122,Woodville South,,Oct-23,2023/24
Women's 2nd IX T20,Club,Highest innings total against,against,3/117,Woodville South,,Mar-24,2023/24
Women's 2nd IX T20,Club,Highest innings total against,against,4/112,Reynella,,Nov-23,2023/24
Women's 2nd IX T20,Club,Highest innings total against,against,6/110,Payneham Red,,Oct-21,2021/22
Women's 2nd IX T20,Club,Highest innings total against,against,1/108,Northern Districts,,Mar-20,2019/20
Women's 2nd IX T20,Club,Highest innings total against,against,3/104,Payneham Red,,Feb-21,2020/21
Women's 2nd IX T20,Club,Lowest 20-over innings total against,against,6/57,Port Adelaide,,Dec-21,2021/22
Women's 2nd IX T20,Club,Lowest 20-over innings total against,against,59,Gaza,,Oct-23,2023/24
Women's 2nd IX T20,Club,Lowest 20-over innings total against,against,64,Woodville South,,Oct-21,2021/22
Women's 2nd IX T20,Club,Lowest 20-over innings total against,against,4/75,Glenelg Black,,Jan-20,2019/20
Women's 2nd IX T20,Club,Lowest 20-over innings total against,against,7/76,Eastern Falcons,,Jan-24,2023/24
Women's 2nd IX T20,Club,Lowest 20-over innings total against,against,84,Payneham Red,,Feb-22,2021/22
3rd XI,Club,Highest innings total,for,9/361,Jury & Spiers,,Jan-54,1953/54
3rd XI,Club,Highest innings total,for,9/359,Pooraka,,Dec-91,1991/92
3rd XI,Club,Highest innings total,for,9/358,SPOC,,Jan-88,1987/88
3rd XI,Club,Highest innings total,for,6/349,Ferryden Park,,Oct-90,1990/91
3rd XI,Club,Highest innings total,for,9/348,Brahma Lodge,,Dec-19,2019/20
3rd XI,Club,Highest innings total,for,8/345,Torrens Valley,,Mar-91,1990/91
3rd XI,Club,Highest innings total,for,6/343,Grange,,Dec-16,2016/17
3rd XI,Club,Highest innings total,for,9/340,Elders-U S A,,Jan-05,2004/05
3rd XI,Club,Highest innings total against,against,8/452,Modbury,,Nov-05,2005/06
3rd XI,Club,Highest innings total against,against,8/441,AHOS,,Nov-97,1997/98
3rd XI,Club,Highest innings total against,against,7/429,Marion,,Jan-19,2018/19
3rd XI,Club,Highest innings total against,against,6/421,PAOC,,Feb-22,2021/22
3rd XI,Club,Highest innings total against,against,8/368,Fulham,,Dec-93,1993/94
3rd XI,Club,Highest innings total against,against,9/368,Mumzone,,Feb-48,1947/48
3rd XI,Club,Highest innings total against,against,8/366,Hope Valley,,Feb-10,2009/10
3rd XI,Club,Highest innings total against,against,9/340,Mumzone,,Dec-47,1947/48
3rd XI,Club,Highest innings total against,against,9/329,Baulderstone,,Feb-54,1953/54
3rd XI,Club,Highest innings total against,against,327,Port Districts,,Nov-08,2008/09
3rd XI,Club,Lowest completed innings total against,against,12,Charles Birks & Motors,,Mar-51,1950/51
3rd XI,Club,Lowest completed innings total against,against,20,ICCA,,Feb-11,2010/11
3rd XI,Club,Lowest completed innings total against,against,23,Burnside 2,,Oct-49,1949/50
3rd XI,Club,Lowest completed innings total against,against,25,Modbury,,Jan-85,1984/85
3rd XI,Club,Lowest completed innings total against,against,26,Hamra Bros,,Oct-50,1950/51
3rd XI,Club,Lowest completed innings total against,against,28,Tubemakers,,Oct-70,1970/71
3rd XI,Club,Lowest completed innings total against,against,29,Paradise,,Nov-51,1951/52
3rd XI,Club,Lowest completed innings total against,against,30,St Peters Youth Club,,Mar-49,1948/49
3rd XI,Club,Lowest completed innings total against,against,30,SHOC,,Oct-06,2006/07
3rd XI,Club,Lowest completed innings total against,against,38,KOCA,,Oct-57,1957/58
Limited Overs XI,Club,Highest innings total,for,5/355,Flinders University,,Nov-04,2004/05
Limited Overs XI,Club,Highest innings total,for,8/320,Flinders University,,Nov-05,2005/06
Limited Overs XI,Club,Highest innings total,for,8/318,Old Ignatians,,Dec-05,2005/06
Limited Overs XI,Club,Highest innings total,for,317,United Districts,,Dec-03,2003/04
Limited Overs XI,Club,Highest innings total,for,7/305,Adelaide University,,Jan-09,2008/09
Limited Overs XI,Club,Highest innings total,for,7/292,Brighton,,Oct-15,2015/16
Limited Overs XI,Club,Highest innings total,for,6/284,Elders-U S A,,Feb-04,2003/04
Limited Overs XI,Club,Highest innings total,for,9/282,Adelaide University,,Dec-04,2004/05
Limited Overs XI,Club,Lowest completed innings total,for,24,Modbury,,Feb-19,2018/19
Limited Overs XI,Club,Lowest completed innings total,for,42,Gepps Cross,,Nov-21,2021/22
Limited Overs XI,Club,Lowest completed innings total,for,44,Grange,,Nov-19,2019/20
Limited Overs XI,Club,Lowest completed innings total,for,45,Hope Valley,,Feb-17,2016/17
Limited Overs XI,Club,Lowest completed innings total,for,48,Blue Brigade,,Feb-21,2020/21
Limited Overs XI,Club,Lowest completed innings total,for,55,Trinity O S,,Feb-12,2011/12
Limited Overs XI,Club,Lowest completed innings total,for,59,Kilburn,,Oct-20,2020/21
Limited Overs XI,Club,Lowest completed innings total,for,61,Unley,,Feb-12,2011/12
Limited Overs XI,Club,Lowest completed innings total,for,64,Port Districts,,Oct-02,2002/03
Limited Overs XI,Club,Lowest completed innings total,for,72,Reynella,,Nov-13,2013/14
Limited Overs XI,Club,Lowest completed innings total,for,16,Old Scotch,,Jan-06,2005/06
Limited Overs XI,Club,Highest innings total against,against,7/301,Trinity O S,,Dec-20,2020/21
Limited Overs XI,Club,Highest innings total against,against,7/298,Concordia O C,,Jan-13,2012/13
Limited Overs XI,Club,Highest innings total against,against,280,Unley,,Nov-10,2010/11
Limited Overs XI,Club,Highest innings total against,against,1/277,Kensington,,Nov-98,1998/99
Limited Overs XI,Club,Highest innings total against,against,6/275,Fulham,,Nov-20,2020/21
Limited Overs XI,Club,Highest innings total against,against,6/273,Gepps Cross,,Feb-11,2010/11
Limited Overs XI,Club,Highest innings total against,against,4/271,Grange,,Nov-19,2019/20
Limited Overs XI,Club,Highest innings total against,against,7/260,Gepps Cross,,Oct-09,2009/10
Limited Overs XI,Club,Lowest completed innings total against,against,16,Old Scotch,,Jan-06,2005/06
Limited Overs XI,Club,Lowest completed innings total against,against,27,Fulham,,Jan-03,2002/03
Limited Overs XI,Club,Lowest completed innings total against,against,39,Mason Lakes,,Feb-17,2016/17
Limited Overs XI,Club,Lowest completed innings total against,against,41,Para Hills,,Dec-16,2016/17
Limited Overs XI,Club,Lowest completed innings total against,against,41,Modbury,,Dec-22,2022/23
Limited Overs XI,Club,Lowest completed innings total against,against,45,Hope Valley,,Nov-03,2003/04
Limited Overs XI,Club,Lowest completed innings total against,against,53,Modbury,,Nov-16,2016/17
Limited Overs XI,Club,Lowest completed innings total against,against,56,Fulham,,Jan-04,2003/04
Under 17 & Under 16,Club,Lowest completed innings total,for,21,,Under 17,Jan-04,2003/04
Under 17 & Under 16,Club,Lowest completed innings total,for,25,,Under 17,Oct-02,2002/03
Under 17 & Under 16,Club,Lowest completed innings total,for,30,,Under 16,Feb-24,2023/24
Under 17 & Under 16,Club,Lowest completed innings total,for,40,,Under 16,Oct-77,1977/78
Under 17 & Under 16,Club,Lowest completed innings total,for,40,,Under 17,Mar-00,1999/00
Under 17 & Under 16,Club,Lowest completed innings total,for,41,,Under 16,Nov-92,1992/93
Under 17 & Under 16,Club,Lowest completed innings total,for,43,,Under 17,Feb-03,2002/03
Under 17 & Under 16,Club,Lowest completed innings total,for,44,,Under 17,Dec-02,2002/03
Under 17 & Under 16,Club,Lowest completed innings total,for,44,,Under 17,Oct-03,2003/04
Under 17 & Under 16,Club,Lowest completed innings total,for,45,,Under 17,Mar-12,2011/12
Under 17 & Under 16,Club,Lowest completed innings total against,against,9,Brighton,Under 16,Mar-90,1989/90
Under 17 & Under 16,Club,Lowest completed innings total against,against,16,Pooraka,Under 16,Nov-89,1989/90
Under 17 & Under 16,Club,Lowest completed innings total against,against,19,East Torrens Blue,Under 16,Jan-86,1985/86
Under 17 & Under 16,Club,Lowest completed innings total against,against,24,Western Youth Centre,Under 16,Mar-98,1997/98
Under 17 & Under 16,Club,Lowest completed innings total against,against,25,Ingle Farm,Under 16,Dec-96,1996/97
Under 17 & Under 16,Club,Lowest completed innings total against,against,27,Ingle Farm,Under 16,Feb-90,1989/90
Under 17 & Under 16,Club,Lowest completed innings total against,against,28,Brighton,Under 16,Dec-89,1989/90
Under 17 & Under 16,Club,Lowest completed innings total against,against,28,Hope Valley,Under 16,Jan-91,1990/91
Under 17 & Under 16,Club,Lowest completed innings total against,against,28,Ingle Farm,Under 16,Dec-91,1991/92
Under 17 & Under 16,Club,Lowest completed innings total against,against,29,Hope Valley,Under 16,Jan-91,1990/91
Junior Girls,Club,Lowest 20-over innings total,for,36,,Under 16,Mar-20,2019/20
Junior Girls,Club,Lowest 20-over innings total,for,38,,U16 Red,Nov-21,2021/22
Junior Girls,Club,Lowest 20-over innings total,for,38,,U16 Red,Jan-22,2021/22
Junior Girls,Club,Lowest 20-over innings total,for,43,,Under 14,Feb-19,2018/19
Junior Girls,Club,Lowest 20-over innings total,for,43,,U16 Red,Dec-21,2021/22
Junior Girls,Club,Lowest 20-over innings total,for,44,,Under 14,Feb-19,2018/19
Junior Girls,Club,Lowest 20-over innings total,for,49,,U16 Gold,Nov-21,2021/22
Junior Girls,Club,Lowest 20-over innings total,for,49,,Under 15,Feb-23,2022/23
Junior Girls,Club,Lowest 20-over innings total,for,52,,U16 Gold,Nov-19,2019/20
Under 12,Club,Lowest completed innings total,for,18,,novas U12 Kghts,Oct-23,2023/24
Under 12,Club,Lowest completed innings total,for,22,,ts gf U12 Dukes,Mar-21,2020/21
Under 12,Club,Lowest completed innings total,for,36,,novas U12 Dukes,Dec-23,2023/24
Under 12,Club,Highest innings total against,against,4/197,North Pines,U12 Blue,Feb-21,2020/21
Under 12,Club,Highest innings total against,against,5/187,Hectorville,U12 Blue,Mar-21,2020/21
Under 12,Club,Highest innings total against,against,5/185,Walkerville Tigers,U12 Dukes,Feb-24,2023/24
Under 12,Club,Highest innings total against,against,5/184,Eastern Subs Green,U12 Dukes,Oct-23,2023/24
Under 12,Club,Highest innings total against,against,4/182,Golden Grove Gold,U12 Kghts,Feb-24,2023/24
Under 12,Club,Highest innings total against,against,4/177,Glenunga Meteors,U12 Kghts,Nov-23,2023/24
Under 12,Club,Highest innings total against,against,7/173,Walkerville Tigers,U12 Dukes,Dec-23,2023/24
Under 12,Club,Highest innings total against,against,6/171,Gepps Cross Red,U12 Dukes,Oct-21,2021/22
Under 12,Club,Highest innings total against,against,2/168,Hectorville,U12 Dukes,Oct-18,2018/19
Under 12,Club,Highest innings total against,against,167,Walkerville Tigers,U12 Dukes,Nov-18,2018/19
Under 10,Club,Lowest 20-over innings total,for,8/8,,U10 Red,Dec-19,2019/20
Under 10,Club,Lowest 20-over innings total,for,8/46,,ovas U10 Red,Oct-19,2019/20
Under 10,Club,Lowest 20-over innings total,for,11/55,,s U10,Feb-19,2018/19
Under 10,Club,Lowest 20-over innings total,for,5/62,,U10 Red,Oct-22,2022/23
3rd XI T20,Club,Highest innings total,for,2/114,Gepps Cross,,Dec-21,2021/22
3rd XI T20,Club,Highest innings total,for,6/111,Athelstone 2,,Dec-21,2021/22
3rd XI T20,Club,Highest innings total,for,2/112,Old Scotch,,Feb-22,2021/22
3rd XI T20,Club,Highest innings total,for,2/118,Glenunga,,Jan-22,2021/22
3rd XI T20,Club,Highest innings total,for,9/102,Athelstone 1,,Feb-22,2021/22
3rd XI T20,Club,Highest innings total,for,9/121,Athelstone 2,,Dec-21,2021/22
3rd XI T20,Club,Highest innings total,for,116,Glenunga,,Jan-22,2021/22
3rd XI T20,Club,Highest innings total,for,9/111,Old Scotch,,Feb-22,2021/22
3rd XI T20,Club,Highest innings total,for,110,Gepps Cross,,Dec-21,2021/22
3rd XI T20,Club,Highest innings total against,against,9/121,Athelstone 2,,Dec-21,2021/22
3rd XI T20,Club,Highest innings total against,against,116,Glenunga,,Jan-22,2021/22
3rd XI T20,Club,Highest innings total against,against,9/111,Old Scotch,,Feb-22,2021/22
3rd XI T20,Club,Highest innings total against,against,110,Gepps Cross,,Dec-21,2021/22
3rd XI T20,Club,Highest innings total against,against,104,Athelstone 1,,Feb-22,2021/22
3rd XI T20,Club,Lowest 20-over innings total against,against,66,MSCC,,Jan-22,2021/22
4th XI,Club,Highest innings total,for,553,Basket Range,,Oct-56,1956/57
4th XI,Club,Highest innings total,for,6/355,Gepps Cross,,Feb-99,1998/99
4th XI,Club,Highest innings total,for,9/348,Penfield,,Jan-99,1998/99
4th XI,Club,Highest innings total,for,9/347,Pulteney O S,,Feb-92,1991/92
4th XI,Club,Highest innings total,for,9/347,Gepps Cross,,Oct-92,1992/93
4th XI,Club,Highest innings total,for,9/336,Modbury,,Feb-10,2009/10
4th XI,Club,Highest innings total,for,5/335,Immanuel O S,,Feb-90,1989/90
4th XI,Club,Highest innings total,for,330,WREI,,Feb-60,1959/60
4th XI,Club,Highest innings total,for,327,Basket Range,,Jan-58,1957/58
4th XI,Club,Highest innings total,for,316,SPOC,,Oct-90,1990/91
4th XI,Club,Highest innings total,for,9/410,Paracombe,,Feb-58,1957/58
4th XI,Club,Lowest completed innings total,for,17,ICI,,Jan-60,1959/60
4th XI,Club,Lowest completed innings total,for,20,Flinders Park,,Dec-74,1974/75
4th XI,Club,Lowest completed innings total,for,23,Athelstone,,Jan-58,1957/58
4th XI,Club,Lowest completed innings total,for,26,Glenelg Stragglers,,Oct-60,1960/61
4th XI,Club,Lowest completed innings total,for,27,Glenelg Stragglers,,Oct-60,1960/61
4th XI,Club,Lowest completed innings total,for,31,SHOC,,Oct-73,1973/74
4th XI,Club,Lowest completed innings total,for,35,Postal Institute,,Nov-64,1964/65
4th XI,Club,Lowest completed innings total,for,36,Royal Park,,Nov-72,1972/73
4th XI,Club,Lowest completed innings total,for,36,AHOS,,Jan-87,1986/87
4th XI,Club,Lowest completed innings total,for,38,Woodville Rechabites,,Oct-71,1971/72
4th XI,Club,Lowest completed innings total,for,16,Elder Smith,,Dec-59,1959/60
4th XI,Club,Highest innings total against,against,9/410,Paracombe,,Feb-58,1957/58
4th XI,Club,Highest innings total against,against,3/408,Elders-U S A,,Nov-02,2002/03
4th XI,Club,Highest innings total against,against,5/371,SPOC,,Feb-05,2004/05
4th XI,Club,Highest innings total against,against,7/366,Port Districts,,Jan-09,2008/09
4th XI,Club,Highest innings total against,against,363,Unley,,Jan-97,1996/97
4th XI,Club,Highest innings total against,against,7/355,Woodville South,,Feb-97,1996/97
4th XI,Club,Highest innings total against,against,349,Modbury,,Mar-93,1992/93
4th XI,Club,Highest innings total against,against,8/348,Tea Tree Gully,,Feb-67,1966/67
4th XI,Club,Highest innings total against,against,343,Postal Institute,,Nov-68,1968/69
4th XI,Club,Highest innings total against,against,332,Old Ignatians,,Mar-71,1970/71
4th XI,Club,Lowest completed innings total against,against,16,Elder Smith,,Dec-59,1959/60
4th XI,Club,Lowest completed innings total against,against,22,Walkerville,,Dec-07,2007/08
4th XI,Club,Lowest completed innings total against,against,28,East Torrens,,Oct-75,1975/76
4th XI,Club,Lowest completed innings total against,against,30,Adelaide,,Nov-70,1970/71
4th XI,Club,Lowest completed innings total against,against,31,Athelstone,,Oct-89,1989/90
4th XI,Club,Lowest completed innings total against,against,32,Pulteney O S,,Nov-73,1973/74
4th XI,Club,Lowest completed innings total against,against,34,SPOC,,Jan-72,1971/72
4th XI,Club,Lowest completed innings total against,against,38,Commonwealth Bank,,Oct-80,1980/81
4th XI,Club,Lowest completed innings total against,against,39,Elizabeth North,,Mar-68,1967/68
4th XI,Club,Lowest completed innings total against,against,39,Modbury,,Nov-83,1983/84
5th XI,Club,Highest innings total,for,5/429,PAOC,,Nov-90,1990/91
5th XI,Club,Highest innings total,for,7/336,Adelaide Deaf,,Jan-94,1993/94
5th XI,Club,Highest innings total,for,7/322,Fulham,,Dec-85,1985/86
5th XI,Club,Highest innings total,for,319,Penfield,,Nov-93,1993/94
5th XI,Club,Highest innings total,for,6/314,Old Scotch,,Feb-93,1992/93
5th XI,Club,Highest innings total,for,7/300,Fulham,,Oct-94,1994/95
5th XI,Club,Highest innings total,for,6/292,Old Collegians,,Jan-86,1985/86
5th XI,Club,Highest innings total,for,286,Marion,,Feb-85,1984/85
5th XI,Club,Highest innings total,for,284,Elders-U S A,,Mar-01,2000/01
5th XI,Club,Highest innings total,for,284,Unley,,Oct-03,2003/04
5th XI,Club,Lowest completed innings total,for,20,Glenelg Stragglers,,Jan-65,1964/65
5th XI,Club,Lowest completed innings total,for,23,Clarence Park,,Oct-64,1964/65
5th XI,Club,Lowest completed innings total,for,25,Clarence Park,,Oct-64,1964/65
5th XI,Club,Lowest completed innings total,for,28,Grange,,Dec-73,1973/74
5th XI,Club,Lowest completed innings total,for,29,Old Ignatians,,Nov-66,1966/67
5th XI,Club,Lowest completed innings total,for,29,Woodville,,Nov-70,1970/71
5th XI,Club,Lowest completed innings total,for,33,Central Mail,,Oct-76,1976/77
5th XI,Club,Lowest completed innings total,for,33,Old Scotch,,Oct-80,1980/81
5th XI,Club,Lowest completed innings total,for,35,Tea Tree Gully,,Nov-75,1975/76
5th XI,Club,Lowest completed innings total,for,37,Ingle Farm,,Dec-99,1999/00
5th XI,Club,Lowest completed innings total,for,33,Elizabeth District,,Nov-85,1985/86
5th XI,Club,Lowest completed innings total,for,41,Commonwealth Bank,,Jan-75,1974/75
5th XI,Club,Highest innings total against,against,413,Grange,,Nov-02,2002/03
5th XI,Club,Highest innings total against,against,3/375,Penfield,,Jan-05,2004/05
5th XI,Club,Highest innings total against,against,8/369,Para Hills,,Mar-96,1995/96
5th XI,Club,Highest innings total against,against,9/357,Marion,,Oct-98,1998/99
5th XI,Club,Highest innings total against,against,5/355,Old Scotch,,Feb-93,1992/93
5th XI,Club,Highest innings total against,against,355,Gepps Cross,,Nov-04,2004/05
5th XI,Club,Highest innings total against,against,6/353,Hectorville,,Mar-04,2003/04
5th XI,Club,Highest innings total against,against,5/345,Unley,,Oct-93,1993/94
5th XI,Club,Highest innings total against,against,336,ANI,,Oct-90,1990/91
5th XI,Club,Lowest completed innings total against,against,33,Elizabeth District,,Nov-85,1985/86
5th XI,Club,Lowest completed innings total against,against,41,Commonwealth Bank,,Jan-75,1974/75
5th XI,Club,Lowest completed innings total against,against,42,Commonwealth Bank,,Jan-75,1974/75
5th XI,Club,Lowest completed innings total against,against,45,Elizabeth District,,Nov-85,1985/86
5th XI,Club,Lowest completed innings total against,against,47,United Districts,,Jan-01,2000/01
5th XI,Club,Lowest completed innings total against,against,49,WREI,,Oct-72,1972/73
5th XI,Club,Lowest completed innings total against,against,49,Elizabeth North,,Mar-73,1972/73
5th XI,Club,Lowest completed innings total against,against,49,Tubemakers,,Jan-75,1974/75
5th XI,Club,Lowest completed innings total against,against,50,Modbury,,Jan-04,2003/04
5th XI,Club,Lowest completed innings total against,against,53,Marion,,Nov-85,1985/86
6th XI,Club,Highest innings total,for,5/326,PAOC,,Oct-81,1981/82
6th XI,Club,Highest innings total,for,6/302,PAOC,,Feb-79,1978/79
6th XI,Club,Highest innings total,for,8/283,Grange,,Mar-86,1985/86
6th XI,Club,Highest innings total,for,282,Elizabeth District,,Nov-85,1985/86
6th XI,Club,Highest innings total,for,6/277,Pembroke O S,,Jan-91,1990/91
6th XI,Club,Highest innings total,for,9/275,Gepps Cross,,Jan-91,1990/91
6th XI,Club,Highest innings total,for,8/274,Pulteney O S,,Dec-89,1989/90
6th XI,Club,Highest innings total,for,273,Gaza,,Oct-89,1989/90
6th XI,Club,Highest innings total,for,8/266,Old Ignatians,,Nov-82,1982/83
6th XI,Club,Highest innings total,for,6/258,AHOS,,Feb-83,1982/83
6th XI,Club,Highest innings total,for,6/397,Flinders Park,,Feb-01,2000/01
6th XI,Club,Lowest completed innings total,for,18,Unley,,Nov-00,2000/01
6th XI,Club,Lowest completed innings total,for,31,Walkerville,,Oct-72,1972/73
6th XI,Club,Lowest completed innings total,for,37,Pulteney O S,,Nov-99,1999/00
6th XI,Club,Lowest completed innings total,for,38,Woodville North,,Nov-81,1981/82
6th XI,Club,Lowest completed innings total,for,39,Modbury,,Jan-01,2000/01
6th XI,Club,Lowest completed innings total,for,40,East Torrens,,Nov-72,1972/73
6th XI,Club,Lowest completed innings total,for,41,Unley,,Nov-00,2000/01
6th XI,Club,Lowest completed innings total,for,41,Walkerville,,Feb-02,2001/02
6th XI,Club,Lowest completed innings total,for,44,Woodville South,,Oct-71,1971/72
6th XI,Club,Lowest completed innings total,for,46,Hope Valley,,Nov-72,1972/73
6th XI,Club,Lowest completed innings total,for,4,East Torrens,,Nov-73,1973/74
6th XI,Club,Highest innings total against,against,6/397,Flinders Park,,Feb-01,2000/01
6th XI,Club,Highest innings total against,against,5/357,Grange,,Mar-86,1985/86
6th XI,Club,Highest innings total against,against,7/347,Old Ignatians,,Nov-92,1992/93
6th XI,Club,Highest innings total against,against,344,Penfield,,Dec-95,1995/96
6th XI,Club,Highest innings total against,against,8/343,Para Hills,,Mar-95,1994/95
6th XI,Club,Highest innings total against,against,5/322,Pembroke O S,,Dec-88,1988/89
6th XI,Club,Highest innings total against,against,6/316,Edwardstown,,Nov-71,1971/72
6th XI,Club,Highest innings total against,against,7/314,Penfield,,Feb-92,1991/92
6th XI,Club,Highest innings total against,against,8/312,Para Hills,,Feb-94,1993/94
6th XI,Club,Lowest completed innings total against,against,4,East Torrens,,Nov-73,1973/74
6th XI,Club,Lowest completed innings total against,against,16,Kilburn,,Oct-71,1971/72
6th XI,Club,Lowest completed innings total against,against,16,Clarence Park,,Nov-74,1974/75
6th XI,Club,Lowest completed innings total against,against,17,Commonwealth Bank,,Nov-75,1975/76
6th XI,Club,Lowest completed innings total against,against,19,Royal Park,,Dec-71,1971/72
6th XI,Club,Lowest completed innings total against,against,32,Sturt C A E,,Dec-73,1973/74
6th XI,Club,Lowest completed innings total against,against,33,Old Collegians,,Nov-73,1973/74
6th XI,Club,Lowest completed innings total against,against,36,Elizabeth Turf,,Jan-80,1979/80
6th XI,Club,Lowest completed innings total against,against,39,Old Ignatians,,Dec-73,1973/74
6th XI,Club,Lowest completed innings total against,against,44,Pooraka,,Mar-80,1979/80
Colts,Club,Highest innings total,for,383,Adelaide Y M C A,,Nov-49,1949/50
Colts,Club,Highest innings total,for,7/325,St Peters Y C W,,Oct-49,1949/50
Colts,Club,Highest innings total,for,7/277,Uraidla,,Feb-55,1954/55
Colts,Club,Highest innings total,for,6/271,Taxation,,Mar-53,1952/53
Colts,Club,Highest innings total,for,270,Hamra Bros,,Feb-48,1947/48
Colts,Club,Highest innings total,for,264,Clipsal,,Mar-48,1947/48
Colts,Club,Highest innings total,for,7/252,Basket Range,,Mar-55,1954/55
Colts,Club,Highest innings total,for,9/248,Jury & Spiers,,Jan-55,1954/55
Colts,Club,Highest innings total,for,229,Ashton,,Oct-53,1953/54
Colts,Club,Highest innings total,for,6/225,Basket Range,,Feb-54,1953/54
Colts,Club,Highest innings total,for,354,Uraidla,,Dec-57,1957/58
Colts,Club,Lowest completed innings total,for,12,East Parade,,Nov-58,1958/59
Colts,Club,Lowest completed innings total,for,17,East Parade,,Jan-52,1951/52
Colts,Club,Lowest completed innings total,for,20,W R E I Green,,Nov-60,1960/61
Colts,Club,Lowest completed innings total,for,21,Clarence Park,,Oct-60,1960/61
Colts,Club,Lowest completed innings total,for,23,Jury & Spiers,,Oct-54,1954/55
Colts,Club,Lowest completed innings total,for,31,Magill United,,Oct-53,1953/54
Colts,Club,Lowest completed innings total,for,31,Clarence Park,,Oct-60,1960/61
Colts,Club,Lowest completed innings total,for,35,Clipsal,,Nov-48,1948/49
Colts,Club,Lowest completed innings total,for,35,Don Bosco Boys Club,,Oct-49,1949/50
Colts,Club,Highest innings total against,against,354,Uraidla,,Dec-57,1957/58
Colts,Club,Highest innings total against,against,290,Don Bosco Boys Club,,Mar-50,1949/50
Colts,Club,Highest innings total against,against,268,Basket Range,,Mar-55,1954/55
Colts,Club,Highest innings total against,against,261,Magill United,,Feb-58,1957/58
Colts,Club,Highest innings total against,against,7/240,Taxation,,Mar-53,1952/53
Colts,Club,Highest innings total against,against,218,Magill United,,Jan-55,1954/55
Colts,Club,Highest innings total against,against,209,East Parade,,Oct-52,1952/53
Colts,Club,Highest innings total against,against,204,Uraidla,,Oct-57,1957/58
Colts,Club,Highest innings total against,against,200,Basket Range,,Jan-53,1952/53
Colts,Club,Highest innings total against,against,194,Magill United,,Nov-57,1957/58
Colts,Club,Lowest completed innings total against,against,18,Paradise,,Mar-53,1952/53
Colts,Club,Lowest completed innings total against,against,18,Ashton,,Feb-55,1954/55
Colts,Club,Lowest completed innings total against,against,19,Ashton,,Feb-55,1954/55
Colts,Club,Lowest completed innings total against,against,20,Paracombe B,,Nov-51,1951/52
Colts,Club,Lowest completed innings total against,against,24,Magill United,,Oct-53,1953/54
Colts,Club,Lowest completed innings total against,against,27,Paradise,,Jan-53,1952/53
Colts,Club,Lowest completed innings total against,against,28,Ashton,,Nov-51,1951/52
Colts,Club,Lowest completed innings total against,against,31,Paradise,,Oct-52,1952/53
Colts,Club,Lowest completed innings total against,against,31,KOCA,,Jan-61,1960/61
Under 15 & Under 14,Club,Lowest completed innings total,for,17,,Under 14,Nov-92,1992/93
Under 15 & Under 14,Club,Lowest completed innings total,for,20,,Under 14,Nov-92,1992/93
Under 15 & Under 14,Club,Lowest completed innings total,for,21,,Under 14,Oct-84,1984/85
Under 15 & Under 14,Club,Lowest completed innings total,for,21,,Under 15,Feb-03,2002/03
Under 15 & Under 14,Club,Lowest completed innings total,for,25,,Under 15,Nov-00,2000/01
Under 15 & Under 14,Club,Lowest completed innings total,for,28,,U15 Kght,Nov-14,2014/15
Under 15 & Under 14,Club,Lowest completed innings total,for,30,,U14 Blue,Feb-98,1997/98
Under 15 & Under 14,Club,Lowest completed innings total,for,35,,Under 15,Feb-01,2000/01
Under 15 & Under 14,Club,Lowest completed innings total,for,36,,U15 Blue,Dec-09,2009/10
Under 15 & Under 14,Club,Lowest completed innings total,for,36,,U15 Blue,Feb-10,2009/10
Under 15 & Under 14,Club,Lowest completed innings total,for,36,,U14 Blue,Feb-98,1997/98
Under 15 & Under 14,Club,Lowest completed innings total,for,38,,Under 15,Oct-99,1999/00
Under 15 & Under 14,Club,Lowest completed innings total against,against,6,Greenacres,Under 14,Dec-95,1995/96
Under 15 & Under 14,Club,Lowest completed innings total against,against,23,Marion,Under 15,Nov-73,1973/74
Under 15 & Under 14,Club,Lowest completed innings total against,against,23,Hope Valley,U15 Red,Jan-14,2013/14
Under 15 & Under 14,Club,Lowest completed innings total against,against,27,Athelstone,Under 14,Jan-83,1982/83
Under 15 & Under 14,Club,Lowest completed innings total against,against,28,Woodville North,Under 15,Dec-75,1975/76
Under 15 & Under 14,Club,Lowest completed innings total against,against,28,Modbury Gold,U15 Blue,Oct-04,2004/05
Under 15 & Under 14,Club,Lowest completed innings total against,against,29,Ingle Farm,Under 14,Dec-81,1981/82
Under 15 & Under 14,Club,Lowest completed innings total against,against,31,Royal Park,Under 15,Nov-73,1973/74
Under 15 & Under 14,Club,Lowest completed innings total against,against,31,Pooraka,Under 15,Nov-12,2012/13
Under 15 & Under 14,Club,Lowest completed innings total against,against,32,Hectorville,U15 Blue,Feb-05,2004/05
Under 15 & Under 14,Club,Lowest completed innings total against,against,32,Walkerville,Under 15,Mar-09,2008/09
Under 13 20/20 Competition,Club,Lowest 20-over innings total,for,36,,U13 Red,Nov-13,2013/14
Under 13 20/20 Competition,Club,Lowest 20-over innings total,for,39,,U13 Red,Oct-09,2009/10
Under 13 20/20 Competition,Club,Lowest 20-over innings total,for,46,,U13 Kght,Nov-12,2012/13
Under 13 20/20 Competition,Club,Lowest 20-over innings total,for,46,,U13 Kght,Feb-16,2015/16
Under 11 20/20 Competition,Club,Lowest 20-over innings total,for,38,,U11 Blue,Nov-12,2012/13
Under 11 20/20 Competition,Club,Lowest 20-over innings total,for,43,,U11 Kght,Feb-17,2016/17
Under 11 20/20 Competition,Club,Lowest 20-over innings total,for,52,,U11 Kght,Nov-15,2015/16
Under 11 20/20 Competition,Club,Lowest 20-over innings total,for,69,,U11 Kght,Feb-17,2016/17
Under 9,Club,Highest innings total,for,2/236,,Under 9,Feb-16,2015/16
Under 9,Club,Highest innings total,for,4/196,,U9 Blue,Nov-08,2008/09
Under 9,Club,Highest innings total,for,7/188,,Under 9,Feb-16,2015/16
Under 9,Club,Highest innings total,for,3/167,,U9 Red,Mar-15,2014/15
Under 9,Club,Highest innings total,for,5/161,,U9 Red,Nov-13,2013/14
Under 9,Club,Highest innings total,for,5/156,,ts U9 Blue,Nov-12,2012/13
Under 9,Club,Highest innings total,for,7/151,,U9 Blue,Feb-08,2007/08
Under 9,Club,Highest innings total,for,3/147,,U9 Red,Nov-10,2010/11
Under 9,Club,Highest innings total,for,4/145,,Under 9,Nov-11,2011/12
Under 9,Club,Highest innings total,for,4/142,,U9 Blue,Mar-15,2014/15
Under 9,Club,Lowest completed innings total,for,38,,U9 Red,Dec-07,2007/08
Under 9,Club,Lowest completed innings total,for,38,,U9 Red,Jan-13,2012/13
Under 9,Club,Lowest completed innings total,for,41,,U9 Red,Feb-13,2012/13
Under 9,Club,Lowest completed innings total,for,42,,U9 Red,Feb-10,2009/10
Under 9,Club,Lowest completed innings total,for,52,,U9 Red,Feb-10,2009/10
Under 9,Club,Lowest completed innings total,for,56,,U9 Red,Nov-08,2008/09
Under 9,Club,Lowest completed innings total,for,60,,U9 Red,Feb-09,2008/09
Under 9,Club,Lowest completed innings total,for,60,,U9 Red,Jan-15,2014/15
Under 9,Club,Lowest completed innings total,for,75,,U9 Red,Oct-07,2007/08
Under 9,Club,Lowest completed innings total,for,87,,U9 Red,Oct-12,2012/13
Under 9,Club,Highest innings total against,against,5/189,Glenunga Blue,Under 9,Jan-16,2015/16
Under 9,Club,Highest innings total against,against,3/164,Walkerville W,hite U9 Red,Feb-10,2009/10
Under 9,Club,Highest innings total against,against,2/160,Modbury,U9 Red,Feb-08,2007/08
Under 9,Club,Highest innings total against,against,3/155,Eastern Subur,bs U9 Red,Feb-08,2007/08
Under 9,Club,Highest innings total against,against,4/145,Eastern Subur,bs U9 Red,Oct-12,2012/13
Under 9,Club,Highest innings total against,against,4/141,Walkerville B,lue U9 Red,Feb-09,2008/09
Under 9,Club,Highest innings total against,against,7/138,Hope Valley,U9 Red,Feb-13,2012/13
Under 9,Club,Highest innings total against,against,7/138,Eastern Subur,bs U9 Red,Feb-13,2012/13
Under 9,Club,Highest innings total against,against,0/136,Eastern Subur,bs U9 Red,Nov-13,2013/14
Under 9,Club,Highest innings total against,against,2/133,Gaza,U9 Red,Feb-14,2013/14
Under 9,Club,Lowest completed innings total against,against,30,Athelstone,U9 Blue,Oct-13,2013/14
Under 9,Club,Lowest completed innings total against,against,38,Payneham Red,U9 Blue,Dec-07,2007/08
Under 9,Club,Lowest completed innings total against,against,42,Payneham Red,U9 Blue,Feb-10,2009/10
Under 9,Club,Lowest completed innings total against,against,48,Ingle Farm,U9 Blue,Oct-12,2012/13
Under 9,Club,Lowest completed innings total against,against,60,Hope Valley,U9 Blue,Feb-08,2007/08
Under 9,Club,Lowest completed innings total against,against,68,Athelstone,U9 Blue,Nov-14,2014/15
Under 9,Club,Lowest completed innings total against,against,70,Golden Grove,Under 9,Jan-16,2015/16
Under 9,Club,Lowest completed innings total against,against,72,Payneham Red,U9 Blue,Dec-14,2014/15
Under 9,Club,Lowest completed innings total against,against,79,Walkerville Red,U9 Blue,Feb-14,2013/14
Under 14 T20 Competition,Club,Highest innings total,for,6/112,,Under 14,Jan-20,2019/20
Under 14 T20 Competition,Club,Highest innings total,for,7/98,,Under 14,Nov-18,2018/19
Under 14 T20 Competition,Club,Highest innings total,for,6/96,,Under 14,Jan-20,2019/20
Under 14 T20 Competition,Club,Highest innings total,for,95,,Under 14,Jan-20,2019/20
Under 14 T20 Competition,Club,Highest innings total,for,86,,Under 14,Jan-19,2018/19
Under 14 T20 Competition,Club,Highest innings total,for,59,,Under 14,Oct-18,2018/19
Under 14 T20 Competition,Club,Highest innings total,for,2/122,,Under 14,Oct-18,2018/19
Under 14 T20 Competition,Club,Highest innings total,for,6/108,,Under 14,Nov-18,2018/19
Under 14 T20 Competition,Club,Highest innings total,for,7/102,,Under 14,Jan-20,2019/20
Under 14 T20 Competition,Club,Highest innings total,for,6/101,,Under 14,Jan-20,2019/20
Under 14 T20 Competition,Club,Highest innings total against,against,2/122,Hope Valley D,evils Under 14,Oct-18,2018/19
Under 14 T20 Competition,Club,Highest innings total against,against,6/108,Eastern Subur,bs Green Under 14,Nov-18,2018/19
Under 14 T20 Competition,Club,Highest innings total against,against,7/102,Walkerville T,igers Under 14,Jan-20,2019/20
Under 14 T20 Competition,Club,Highest innings total against,against,6/101,Eastern Subur,bs Green Under 14,Jan-20,2019/20
Under 14 T20 Competition,Club,Highest innings total against,against,7/87,Walkerville T,igers Under 14,Jan-19,2018/19
Under 14 T20 Competition,Club,Highest innings total against,against,7/64,Hope Valley D,emons Under 14,Jan-20,2019/20
