batter_1,batter_2,runs,wicket,season,not_out,grade,date,opposition,venue,match_id
Dave Ralston,Raymond Scott,118,7,1963,No,,8 Mar 1964,South Belmont,Forrest Park 3,
Alan Jones,Ray Sheridan,100,6,1981,No,,10 Feb 1982,Floreat Hellenic,Forrest Park 2,
Gary Formica,Peter Morton,60,10,1982,No,,14 Dec 1982,North Beach,Charles Riley Reserve,
Justin Fisher,Damian Thompson,61,2,1992,No,,21 Nov 1992,Innaloo Sportsman,Wellington Sqaure # 1,604903
Graham Butler,Phil Greatrix,58,3,1992,No,,21 Nov 1992,Innaloo Sportsman,Wellington Sqaure # 1,604903
Matthew Smith,Graham Butler,49,2,1992,No,,20 Feb 1993,Innaloo Sportsman,Yaluma Park,604848
Justin Fisher,Phil Greatrix,20,1,1992,No,,21 Nov 1992,Innaloo Sportsman,Wellington Sqaure # 1,604903
Matthew Smith,Peter McSweeney,20,4,1992,No,,20 Feb 1993,Innaloo Sportsman,Yaluma Park,604848
Ian Blake,Graham Butler,19,2,1992,No,,21 Nov 1992,Innaloo Sportsman,Wellington Sqaure # 1,604903
Damian Thompson,Colin Gotch,17,7,1992,No,,21 Nov 1992,Innaloo Sportsman,Wellington Sqaure # 1,604903
Matthew Smith,Cameron Briscoe,17,3,1992,No,,20 Feb 1993,Innaloo Sportsman,Yaluma Park,604848
Damian Thompson,Damien Sheridan,14,6,1992,No,,21 Nov 1992,Innaloo Sportsman,Wellington Sqaure # 1,604903
Matthew Smith,Shane Lee,14,6,1992,No,,20 Feb 1993,Innaloo Sportsman,Yaluma Park,604848
Damian Thompson,David Separovic,13,10,1992,No,,21 Nov 1992,Innaloo Sportsman,Wellington Sqaure # 1,604903
Graham Butler,Dennis Freind,13,4,1992,No,,21 Nov 1992,Innaloo Sportsman,Wellington Sqaure # 1,604903
Peter McSweeney,Damien Sheridan,12,8,1992,No,,20 Feb 1993,Innaloo Sportsman,Yaluma Park,604848
Peter McSweeney,Justin Fisher,12,9,1992,No,,20 Feb 1993,Innaloo Sportsman,Yaluma Park,604848
Damian Thompson,Stephen DenRidder,11,8,1992,No,,21 Nov 1992,Innaloo Sportsman,Wellington Sqaure # 1,604903
Peter McSweeney,Gary Chivers,11,7,1992,No,,20 Feb 1993,Innaloo Sportsman,Yaluma Park,604848
Damian Thompson,Shane Ferdinadus,9,9,1992,No,,21 Nov 1992,Innaloo Sportsman,Wellington Sqaure # 1,604903
Peter McSweeney,Phil Greatrix,6,5,1992,No,,20 Feb 1993,Innaloo Sportsman,Yaluma Park,604848
Graham Butler,Damian Thompson,4,5,1992,No,,21 Nov 1992,Innaloo Sportsman,Wellington Sqaure # 1,604903
Matthew Smith,Russell Gallagher,1,1,1992,No,,20 Feb 1993,Innaloo Sportsman,Yaluma Park,604848
Damian Thompson,Shane Ferdinadus,0,3,1992,Yes,,21 Nov 1992,Innaloo Sportsman,Wellington Sqaure # 1,604903
Ian Blake,Justin Fisher,0,1,1992,No,,21 Nov 1992,Innaloo Sportsman,Wellington Sqaure # 1,604903
Peter McSweeney,David Separovic,0,10,1992,No,,20 Feb 1993,Innaloo Sportsman,Yaluma Park,604848
Shane Ferdinadus,Cameron Briscoe,77,7,1993,No,,15 Jan 1994,Innaloo Sportsman,Yaluma Park,604730
Dennis Freind,Ron Gillespie,43,2,1993,No,,15 Jan 1994,Innaloo Sportsman,Yaluma Park,604730
Ian Blake,Shane Ferdinadus,36,6,1993,No,,15 Jan 1994,Innaloo Sportsman,Yaluma Park,604730
Peter McSweeney,Ian Price,36,9,1993,No,,15 Jan 1994,Innaloo Sportsman,Yaluma Park,604730
Graham Butler,Paul Dickson,30,1,1993,Yes,,9 Oct 1993,Northern Suburbs,Coolbinia Reserve #2,604824
Dennis Freind,Ian Blake,25,4,1993,No,,15 Jan 1994,Innaloo Sportsman,Yaluma Park,604730
Justin Fisher,Graham Butler,23,3,1993,No,,23 Oct 1993,Innaloo Sportsman,Coolbinia Reserve #2,604806
Justin Fisher,Ian Blake,16,6,1993,No,,23 Oct 1993,Innaloo Sportsman,Coolbinia Reserve #2,604806
Ian Blake,Damian Thompson,14,5,1993,No,,15 Jan 1994,Innaloo Sportsman,Yaluma Park,604730
Shane Ferdinadus,Peter McSweeney,11,8,1993,No,,15 Jan 1994,Innaloo Sportsman,Yaluma Park,604730
Justin Fisher,Dennis Freind,10,1,1993,No,,15 Jan 1994,Innaloo Sportsman,Yaluma Park,604730
Justin Fisher,Geoff OMeara,6,9,1993,No,,23 Oct 1993,Innaloo Sportsman,Coolbinia Reserve #2,604806
Stephen Clarke,Dennis Freind,6,1,1993,No,,23 Oct 1993,Innaloo Sportsman,Coolbinia Reserve #2,604806
Stephen Clarke,Justin Fisher,6,2,1993,No,,23 Oct 1993,Innaloo Sportsman,Coolbinia Reserve #2,604806
Justin Fisher,Ian Price,3,5,1993,No,,23 Oct 1993,Innaloo Sportsman,Coolbinia Reserve #2,604806
Justin Fisher,Ron Gillespie,2,4,1993,No,,23 Oct 1993,Innaloo Sportsman,Coolbinia Reserve #2,604806
Justin Fisher,Peter McSweeney,1,7,1993,No,,23 Oct 1993,Innaloo Sportsman,Coolbinia Reserve #2,604806
Peter McSweeney,David Separovic,1,10,1993,No,,15 Jan 1994,Innaloo Sportsman,Yaluma Park,604730
Dennis Freind,Graham Butler,1,3,1993,No,,15 Jan 1994,Innaloo Sportsman,Yaluma Park,604730
Justin Fisher,Colin Gotch,0,8,1993,No,,23 Oct 1993,Innaloo Sportsman,Coolbinia Reserve #2,604806
Justin Fisher,David Separovic,0,10,1993,No,,23 Oct 1993,Innaloo Sportsman,Coolbinia Reserve #2,604806
Chris Popoff,J McAuliffe,160,3,1994,No,,5 Dec 1994,Coolbinia Yokine,Juniper Reserve,653649
Chris Popoff,J McAuliffe,160,3,1994,No,,5 Dec 1994,Coolbinia Yokine,Juniper Reserve,
L Nelson,J McAuliffe,127,3,1994,No,,26 Nov 1994,Greenrange,Selby Street,604631
Kyle Adams,Adam Duffy,113,1,1994,No,,10 Dec 1994,Osborne Park,Juniper Reserve,604614
L Nelson,J McAuliffe,87,3,1994,No,,12 Nov 1994,Mt Lawley Inglewood CC,Juniper Reserve,653652
L Nelson,Chris Popoff,80,2,1994,No,,5 Dec 1994,Coolbinia Yokine,Juniper Reserve,653649
L Nelson,Chris Popoff,78,2,1994,No,,26 Nov 1994,Greenrange,Selby Street,604631
Dennis Freind,Graham Butler,76,4,1994,No,,19 Nov 1994,Innaloo Sportsman,Yaluma Park,604632
J McAuliffe,M Marzeck,51,4,1994,No,,12 Nov 1994,Mt Lawley Inglewood CC,Juniper Reserve,653652
Dennis Freind,Ron Gillespie,49,3,1994,No,,19 Nov 1994,Innaloo Sportsman,Yaluma Park,604632
J McAuliffe,Tony Carrier,44,7,1994,No,,12 Nov 1994,Mt Lawley Inglewood CC,Juniper Reserve,653652
L Nelson,Chris Popoff,28,2,1994,No,,12 Nov 1994,Mt Lawley Inglewood CC,Juniper Reserve,653652
L Nelson,Tom Tapping,25,1,1994,No,,12 Nov 1994,Mt Lawley Inglewood CC,Juniper Reserve,653652
L Nelson,Christopher Jebb,21,4,1994,Yes,,26 Nov 1994,Greenrange,Selby Street,604631
L Nelson,Tom Tapping,20,1,1994,No,,5 Dec 1994,Coolbinia Yokine,Juniper Reserve,653649
Graham Butler,Shane Ferdinadus,16,7,1994,No,,19 Nov 1994,Innaloo Sportsman,Yaluma Park,604632
J McAuliffe,Michael Cope,14,8,1994,No,,12 Nov 1994,Mt Lawley Inglewood CC,Juniper Reserve,653652
Graham Butler,Mark Butler,14,8,1994,No,,19 Nov 1994,Innaloo Sportsman,Yaluma Park,604632
Graham Butler,Ian Blake,13,5,1994,No,,19 Nov 1994,Innaloo Sportsman,Yaluma Park,604632
J McAuliffe,Graham Bowman,12,6,1994,No,,12 Nov 1994,Mt Lawley Inglewood CC,Juniper Reserve,653652
Dennis Freind,Gino Giamboi,6,1,1994,No,,19 Nov 1994,Innaloo Sportsman,Yaluma Park,604632
Graham Butler,Paul McNamara,3,6,1994,No,,19 Nov 1994,Innaloo Sportsman,Yaluma Park,604632
Graham Butler,David Separovic,3,10,1994,No,,19 Nov 1994,Innaloo Sportsman,Yaluma Park,604632
J McAuliffe,Christopher Jebb,2,5,1994,No,,12 Nov 1994,Mt Lawley Inglewood CC,Juniper Reserve,653652
Dennis Freind,Darren Mackie,0,2,1994,No,,19 Nov 1994,Innaloo Sportsman,Yaluma Park,604632
Graham Butler,Gary Freind,0,9,1994,No,,19 Nov 1994,Innaloo Sportsman,Yaluma Park,604632
Tom Tapping,L Nelson,0,1,1994,No,,26 Nov 1994,Greenrange,Selby Street,604631
Kyle Adams,John Cottier,118,1,1995,No,,30 Mar 1996,Ashfield,Deschamp Reserve,604438
Tim Reid,Matthew Duffy,107,3,1995,No,,30 Mar 1996,Ashfield,Deschamp Reserve,604438
Keith DeSilva,Graeme Dennis,88,10,1995,No,,30 Mar 1996,Ashfield,Deschamp Reserve,604438
Matthew Duffy,Evan Standley,45,4,1995,No,,30 Mar 1996,Ashfield,Deschamp Reserve,604438
Geoff Colgan,Kyle Adams,32,3,1995,No,,6 Jan 1996,Innaloo Sportsman,Yaluma Park,604489
Ashley Caren,Keith DeSilva,32,8,1995,No,,30 Mar 1996,Ashfield,Deschamp Reserve,604438
Kyle Adams,Robert Fay,26,6,1995,No,,6 Jan 1996,Innaloo Sportsman,Yaluma Park,604489
Kyle Adams,Stephen Clarke,25,5,1995,No,,6 Jan 1996,Innaloo Sportsman,Yaluma Park,604489
Ashley Caren,Mark ONeill,23,7,1995,No,,30 Mar 1996,Ashfield,Deschamp Reserve,604438
Dennis Freind,Geoff Colgan,21,2,1995,No,,6 Jan 1996,Innaloo Sportsman,Yaluma Park,604489
Paul Dickson,Gregory Smith,17,1,1995,No,,9 Mar 1996,Innaloo Sportsman,Coolbinia Reserve #2,604441
Geoff Colgan,Craig Wear,17,2,1995,No,,9 Mar 1996,Innaloo Sportsman,Coolbinia Reserve #2,604441
Paul Dickson,Peter Bibby,15,6,1995,No,,9 Mar 1996,Innaloo Sportsman,Coolbinia Reserve #2,604441
Gary Freind,David Separovic,12,9,1995,No,,9 Mar 1996,Innaloo Sportsman,Coolbinia Reserve #2,604441
Keith DeSilva,Adam Duffy,9,9,1995,No,,30 Mar 1996,Ashfield,Deschamp Reserve,604438
Chris Whyte,Gary Freind,8,9,1995,Yes,,9 Mar 1996,Innaloo Sportsman,Coolbinia Reserve #2,604441
David Separovic,Trevor Craib,8,10,1995,No,,9 Mar 1996,Innaloo Sportsman,Coolbinia Reserve #2,604441
Dennis Freind,Peter Bibby,8,7,1995,No,,9 Mar 1996,Innaloo Sportsman,Coolbinia Reserve #2,604441
Kyle Adams,Bruce Stark,6,4,1995,No,,6 Jan 1996,Innaloo Sportsman,Yaluma Park,604489
Gregory Smith,Geoff Colgan,5,1,1995,No,,9 Mar 1996,Innaloo Sportsman,Coolbinia Reserve #2,604441
Geoff Colgan,Paul Dickson,5,4,1995,No,,9 Mar 1996,Innaloo Sportsman,Coolbinia Reserve #2,604441
Dennis Freind,Paul Dickson,4,1,1995,No,,6 Jan 1996,Innaloo Sportsman,Yaluma Park,604489
Geoff Colgan,Ron Gillespie,4,3,1995,No,,9 Mar 1996,Innaloo Sportsman,Coolbinia Reserve #2,604441
Gregory Smith,Chris Whyte,4,2,1995,No,,9 Mar 1996,Innaloo Sportsman,Coolbinia Reserve #2,604441
Evan Standley,Doug Osborne,4,5,1995,No,,30 Mar 1996,Ashfield,Deschamp Reserve,604438
Peter Bibby,Chris Whyte,3,7,1995,No,,9 Mar 1996,Innaloo Sportsman,Coolbinia Reserve #2,604441
Robert Fay,Peter Bibby,1,7,1995,No,,6 Jan 1996,Innaloo Sportsman,Yaluma Park,604489
Chris Whyte,David Separovic,1,8,1995,No,,9 Mar 1996,Innaloo Sportsman,Coolbinia Reserve #2,604441
Paul Dickson,Trevor Craib,1,5,1995,No,,9 Mar 1996,Innaloo Sportsman,Coolbinia Reserve #2,604441
Chris Whyte,Dennis Freind,1,6,1995,No,,9 Mar 1996,Innaloo Sportsman,Coolbinia Reserve #2,604441
John Cottier,Tim Reid,1,2,1995,No,,30 Mar 1996,Ashfield,Deschamp Reserve,604438
Robert Fay,Ian Price,0,8,1995,No,,6 Jan 1996,Innaloo Sportsman,Yaluma Park,604489
Robert Fay,David Separovic,0,9,1995,No,,6 Jan 1996,Innaloo Sportsman,Yaluma Park,604489
David Separovic,Gary Freind,0,10,1995,No,,6 Jan 1996,Innaloo Sportsman,Yaluma Park,604489
Peter Bibby,Gary Freind,0,8,1995,No,,9 Mar 1996,Innaloo Sportsman,Coolbinia Reserve #2,604441
Chris Whyte,Craig Wear,0,3,1995,No,,9 Mar 1996,Innaloo Sportsman,Coolbinia Reserve #2,604441
Chris Whyte,Geoff Colgan,0,4,1995,No,,9 Mar 1996,Innaloo Sportsman,Coolbinia Reserve #2,604441
Chris Whyte,Ron Gillespie,0,5,1995,No,,9 Mar 1996,Innaloo Sportsman,Coolbinia Reserve #2,604441
Evan Standley,Ashley Caren,0,6,1995,No,,30 Mar 1996,Ashfield,Deschamp Reserve,604438
Geoff Colgan,Adam Bassett,108,1,1996,No,,1 Mar 1997,University,Menzies Park,604315
Dennis Freind,Brett Harris,67,8,1996,No,,12 Oct 1996,Leederville,Coolbinia Reserve #2,604435
Stephen Clarke,Geoff Colgan,47,3,1996,No,,12 Oct 1996,Leederville,Coolbinia Reserve #2,604435
Dennis Freind,Chris Whyte,42,7,1996,No,,12 Oct 1996,Leederville,Coolbinia Reserve #2,604435
Dennis Freind,Ward Bond,28,9,1996,Yes,,12 Oct 1996,Leederville,Coolbinia Reserve #2,604435
Geoff Colgan,Dennis Freind,19,5,1996,No,,12 Oct 1996,Leederville,Coolbinia Reserve #2,604435
Paul Dickson,Kevin Rowland,15,1,1996,No,,12 Oct 1996,Leederville,Coolbinia Reserve #2,604435
Geoff Colgan,Adam Bassett,8,4,1996,No,,12 Oct 1996,Leederville,Coolbinia Reserve #2,604435
Dennis Freind,Peter Bibby,2,6,1996,No,,12 Oct 1996,Leederville,Coolbinia Reserve #2,604435
Paul Dickson,Stephen Clarke,0,2,1996,No,,12 Oct 1996,Leederville,Coolbinia Reserve #2,604435
Keith DeSilva,Alex Hall,43,1,1997,No,,15 Nov 1997,Floreat Hellenic,Gibbney Reserve,604270
Evan Standley,Mark ONeill,8,6,1997,No,,15 Nov 1997,Floreat Hellenic,Gibbney Reserve,604270
Evan Standley,Trevor Craib,7,8,1997,No,,15 Nov 1997,Floreat Hellenic,Gibbney Reserve,604270
Evan Standley,Len Peterson,4,7,1997,No,,15 Nov 1997,Floreat Hellenic,Gibbney Reserve,604270
Trevor Craib,James Bourne,1,9,1997,No,,15 Nov 1997,Floreat Hellenic,Gibbney Reserve,604270
Trevor Craib,Jason Luckman,1,10,1997,No,,15 Nov 1997,Floreat Hellenic,Gibbney Reserve,604270
Alex Hall,Lee Blake,0,2,1997,No,,15 Nov 1997,Floreat Hellenic,Gibbney Reserve,604270
Lee Blake,Chris Henderson,0,3,1997,No,,15 Nov 1997,Floreat Hellenic,Gibbney Reserve,604270
Adam Bassett,Anthony Sinclair,142,2,1999,No,,23 Oct 1999,Osborne Park,Karrinyup Reserve,604006
Alex Hall,Adam Bassett,103,1,1999,No,,23 Oct 1999,Osborne Park,Karrinyup Reserve,604006
Ryan Kershaw,Keith Manea,52,6,1999,No,,18 Dec 1999,Noranda,Deschamp Reserve,603960
Nathan Whitney,Christopher Barnes,33,5,1999,No,,9 Jan 2000,BayswaterPostels,Robertsbridge Reserve,603946
Keith Manea,Darren Young,23,10,1999,No,,18 Dec 1999,Noranda,Deschamp Reserve,603960
Christopher Barnes,Darren Young,18,9,1999,Yes,,9 Jan 2000,BayswaterPostels,Robertsbridge Reserve,603946
Keith Manea,Anthony Burke,15,9,1999,No,,18 Dec 1999,Noranda,Deschamp Reserve,603960
Wade Carruthers,David Gulberti,9,4,1999,Yes,,23 Oct 1999,Osborne Park,Karrinyup Reserve,604006
Christopher Barnes,Anthony Burke,8,6,1999,No,,9 Jan 2000,BayswaterPostels,Robertsbridge Reserve,603946
Keith Manea,Christopher Barnes,6,8,1999,No,,18 Dec 1999,Noranda,Deschamp Reserve,603960
Anthony Sinclair,Wade Carruthers,5,3,1999,No,,23 Oct 1999,Osborne Park,Karrinyup Reserve,604006
Joshua Farmer,Nathan Whitney,5,4,1999,No,,9 Jan 2000,BayswaterPostels,Robertsbridge Reserve,603946
Ryan Kershaw,Nathan Whitney,2,5,1999,No,,18 Dec 1999,Noranda,Deschamp Reserve,603960
Evan Standley,Jeremy Davis,312,8,2000,Yes,,14 Oct 2000,Scarborough Cricket Club,Coolbinia Reserve #2,603880
Kyle Adams,Darren Holt,74,2,2000,No,,14 Oct 2000,Scarborough Cricket Club,Coolbinia Reserve #2,603880
Kyle Adams,Geoff Colgan,72,3,2000,No,,14 Oct 2000,Scarborough Cricket Club,Coolbinia Reserve #2,603880
Kyle Adams,Ross Baker,39,4,2000,No,,14 Oct 2000,Scarborough Cricket Club,Coolbinia Reserve #2,603880
Kevin Rowland,Kyle Adams,25,1,2000,No,,14 Oct 2000,Scarborough Cricket Club,Coolbinia Reserve #2,603880
Dennis Freind,Evan Standley,6,5,2000,No,,14 Oct 2000,Scarborough Cricket Club,Coolbinia Reserve #2,603880
Ross Baker,Dennis Freind,0,6,2000,No,,14 Oct 2000,Scarborough Cricket Club,Coolbinia Reserve #2,603880
TW DeRozario,Danny Toohey,121,11,2019,Yes,E Division One Day Grade,18 Jan 2020,Maylands,Yokine Reserve (Coolbinia Oval No. 1),636198
Nilan Chandratilake,Duane Crombie,65,2,2019,No,,14 Mar 2020,Ellenbrook Rangers,Ellenbrook District Open Space (South Oval),636205
Duane Crombie,Chris Popoff,54,4,2019,No,,14 Mar 2020,Ellenbrook Rangers,Ellenbrook District Open Space (South Oval),636205
Duane Crombie,Sajan Hanjra,45,5,2019,No,,14 Mar 2020,Ellenbrook Rangers,Ellenbrook District Open Space (South Oval),636205
Duane Crombie,J Trichilo,34,3,2019,No,,14 Mar 2020,Ellenbrook Rangers,Ellenbrook District Open Space (South Oval),636205
Sajan Hanjra,Scott Powell,10,6,2019,Yes,,14 Mar 2020,Ellenbrook Rangers,Ellenbrook District Open Space (South Oval),636205
Nilan Chandratilake,Bruce Stark,4,1,2019,No,,14 Mar 2020,Ellenbrook Rangers,Ellenbrook District Open Space (South Oval),636205
Davis Bode,Chris Mok,49,4,2020,No,,20 Mar 2021,Carlisle Cricket Club,Yokine Reserve (Coolbinia Oval No. 1),618029
Davis Bode,Michael Peter,11,5,2020,Yes,,20 Mar 2021,Carlisle Cricket Club,Yokine Reserve (Coolbinia Oval No. 1),618029
Davis Bode,Brett Harrison,11,3,2020,No,,20 Mar 2021,Carlisle Cricket Club,Yokine Reserve (Coolbinia Oval No. 1),618029
Davis Bode,J Naidoo,1,1,2020,No,,20 Mar 2021,Carlisle Cricket Club,Yokine Reserve (Coolbinia Oval No. 1),618029
Darren Stride,Robbie Edwards,0,11,2020,Yes,E Division One Day Grade,31 Oct 2020,Carlisle Cricket Club,Yokine Reserve (Coolbinia Oval No. 2),617874
Davis Bode,Darren Stride,0,2,2020,No,,20 Mar 2021,Carlisle Cricket Club,Yokine Reserve (Coolbinia Oval No. 1),618029
Thanuja Jayakodi Arachchige,Ryan James,0,11,2021,Yes,B Division One Day Grade,6 Nov 2021,Forrestfield Cricket Club,Yokine Reserve (Coolbinia Oval No. 1),636815
Nathan Hearnes,Daniel Lambrinidis,65,7,2022,No,,25 Mar 2023,Ferndale Lynwood CC,Ferndale Reserve (Ferndale Park 2),637998
Cameron Lee,Daniel Sims,48,1,2022,No,,11 Mar 2023,SKLP Cricket Club,Yokine Reserve (Coolbinia Oval No. 1),637993
Daniel Sims,Trent George Kennedy,46,2,2022,No,,11 Mar 2023,SKLP Cricket Club,Yokine Reserve (Coolbinia Oval No. 1),637993
Paul Holmes,Vishnu Rajendran,23,5,2022,No,,11 Mar 2023,SKLP Cricket Club,Yokine Reserve (Coolbinia Oval No. 1),637993
Hayden Candy,Nathan Hearnes,23,4,2022,No,,25 Mar 2023,Ferndale Lynwood CC,Ferndale Reserve (Ferndale Park 2),637998
Nathan Hearnes,Paul Holmes,18,6,2022,No,,25 Mar 2023,Ferndale Lynwood CC,Ferndale Reserve (Ferndale Park 2),637998
Dan Leatham,Grant Carslake,15,7,2022,Yes,,11 Mar 2023,SKLP Cricket Club,Yokine Reserve (Coolbinia Oval No. 1),637993
Nathan Hearnes,Vishnu Rajendran,15,5,2022,No,,25 Mar 2023,Ferndale Lynwood CC,Ferndale Reserve (Ferndale Park 2),637998
Cameron Lee,Daniel Sims,15,1,2022,No,,25 Mar 2023,Ferndale Lynwood CC,Ferndale Reserve (Ferndale Park 2),637998
Paul Holmes,Daniel Lambrinidis,9,4,2022,No,,11 Mar 2023,SKLP Cricket Club,Yokine Reserve (Coolbinia Oval No. 1),637993
Clinton Reid,Hayden Candy,8,3,2022,No,,25 Mar 2023,Ferndale Lynwood CC,Ferndale Reserve (Ferndale Park 2),637998
Daniel Sims,Paul Holmes,7,3,2022,No,,11 Mar 2023,SKLP Cricket Club,Yokine Reserve (Coolbinia Oval No. 1),637993
Cameron Lee,Clinton Reid,7,2,2022,No,,25 Mar 2023,Ferndale Lynwood CC,Ferndale Reserve (Ferndale Park 2),637998
David Hallows,Grant Carslake,7,9,2022,No,,25 Mar 2023,Ferndale Lynwood CC,Ferndale Reserve (Ferndale Park 2),637998
Paul Holmes,Dan Leatham,4,6,2022,No,,11 Mar 2023,SKLP Cricket Club,Yokine Reserve (Coolbinia Oval No. 1),637993
Phillip Ross,Ben McInnes,0,11,2022,Yes,B Division One Day Grade,8 Oct 2022,Dianella Cricket Club,Yokine Reserve (Coolbinia Oval No. 2),628572
CJ Liyanage,Ryan James,0,11,2022,Yes,B Division One Day Grade,5 Nov 2022,Brabham Cricket Club,Yokine Reserve (Coolbinia Oval No. 2),637871
Nathan Hearnes,David Hallows,0,8,2022,No,,25 Mar 2023,Ferndale Lynwood CC,Ferndale Reserve (Ferndale Park 2),637998
Dov Morris,2,74,2,2024,No,H Division One Day Grade,2 Nov 2024,City Beach Greenrange,City Beach Oval / City Beach Oval 1 - Lower,3092388
Bailey Hampson,1,66,6,2024,Yes,H Division One Day Grade,16 Nov 2024,Middle Swan Cricket Club,Jack Mann Oval / Close Oval (nearest pavilion),3092390
1,Paul Holmes,60,5,2024,No,H Division One Day Grade,8 Feb 2025,City Beach Greenrange,City Beach Oval / City Beach Oval 2 - Upper,3092397
Vishnu Rajendran,2,34,8,2024,No,C Division One Day Grade,15 Feb 2025,Mt Lawley Inglewood CC,Hamer Park / Hamer Park - Oval #1,3197976
Hayden Candy,1,33,4,2024,No,H Division One Day Grade,8 Feb 2025,City Beach Greenrange,City Beach Oval / City Beach Oval 2 - Upper,3092397
Ashan Udeshitha,3,31,7,2024,No,C Division One Day Grade,8 Mar 2025,Lesmurdie-Mazenod Cricket Club,Wordsworth Reserve / Wordsworth Reserve 1 (East),3197974
Dov Morris,3,27,3,2024,No,H Division One Day Grade,12 Oct 2024,Mt Lawley Inglewood CC,Yokine Regional Open Space / Yokine Reserve No 2,3092385
Dov Morris,1,22,9,2024,No,H Division One Day Grade,1 Feb 2025,Western Wolves CC,Yokine Regional Open Space / Yokine Reserve No 2,3092396
4,Aidan Herbert,21,6,2024,No,H Division One Day Grade,30 Nov 2024,Glen Forrest Cricket Club,Yokine Regional Open Space / Yokine Reserve No 2,3092391
Ashan Udeshitha,1,20,8,2024,No,C Division One Day Grade,8 Mar 2025,Lesmurdie-Mazenod Cricket Club,Wordsworth Reserve / Wordsworth Reserve 1 (East),3197974
Bruce Stark,1,19,10,2024,Yes,I Division One Day Grade,7 Dec 2024,Forrestfield Cricket Club,Yokine Regional Open Space / Yokine Reserve No 2,3181643
David Van Wees,3,19,8,2024,No,H Division One Day Grade,30 Nov 2024,Glen Forrest Cricket Club,Yokine Regional Open Space / Yokine Reserve No 2,3092391
Vishnu Rajendran,1,19,6,2024,No,C Division One Day Grade,11 Jan 2025,Lesmurdie-Mazenod Cricket Club,Yokine Regional Open Space / Yokine Reserve No 2,3092378
4,David Van Wees,16,7,2024,No,H Division One Day Grade,30 Nov 2024,Glen Forrest Cricket Club,Yokine Regional Open Space / Yokine Reserve No 2,3092391
Grant Carslake,1,11,10,2024,Yes,H Division One Day Grade,30 Nov 2024,Glen Forrest Cricket Club,Yokine Regional Open Space / Yokine Reserve No 2,3092391
2,3,9,10,2024,No,C Division One Day Grade,15 Feb 2025,Mt Lawley Inglewood CC,Hamer Park / Hamer Park - Oval #1,3197976
Curtis Stark,2,8,3,2024,No,C Division One Day Grade,9 Nov 2024,Bullsbrook CC C Division,Pickett Park,3092353
Daniel Leatham,2,8,4,2024,No,H Division One Day Grade,30 Nov 2024,Glen Forrest Cricket Club,Yokine Regional Open Space / Yokine Reserve No 2,3092391
Daniel Leatham,4,5,5,2024,No,H Division One Day Grade,30 Nov 2024,Glen Forrest Cricket Club,Yokine Regional Open Space / Yokine Reserve No 2,3092391
Trent George Kennedy,1,4,9,2024,No,C Division One Day Grade,9 Nov 2024,Bullsbrook CC C Division,Pickett Park,3092353
Dov Morris,1,1,6,2024,No,H Division One Day Grade,2 Nov 2024,City Beach Greenrange,City Beach Oval / City Beach Oval 1 - Lower,3092388
1,Kevin Bishop,1,10,2024,No,C Division One Day Grade,9 Nov 2024,Bullsbrook CC C Division,Pickett Park,3092353
Spiro Kalafatas,1,1,6,2024,No,C Division One Day Grade,14 Dec 2024,Southern Rossmoyne,Yokine Regional Open Space / Yokine Reserve No 2,3092377
2,Tony Bassett,0,9,2024,No,C Division One Day Grade,15 Feb 2025,Mt Lawley Inglewood CC,Hamer Park / Hamer Park - Oval #1,3197976
Dov Morris,1,46,6,2025,No,A Division One Day Grade,1 Nov 2025,Dianella Cricket Club,Dianella Regional Open Space / Dianella ROS 1 (Wes,3178155
1,Sam Finnigan,29,7,2025,No,A Division One Day Grade,1 Nov 2025,Dianella Cricket Club,Dianella Regional Open Space / Dianella ROS 1 (Wes,3178155
2,Vishnu Rajendran,26,5,2025,No,D Division One Day Grade,29 Nov 2025,Lesmurdie-Mazenod Cricket Club,Pickering Brook Sports Club,3178253
Glenn Welton,1,21,2,2025,No,A Division One Day Grade,6 Dec 2025,Scarborough Cricket Club,Yokine Regional Open Space / Yokine Reserve No 2,3178159
1,2,18,5,2025,No,I Division One Day Grade,7 Mar 2026,Western Wolves CC,Ferrara Park / Ferrara park,3181942
Darren Franklin,1,15,8,2025,No,I Division One Day Grade,10 Jan 2026,Middle Swan Cricket Club,Wordsworth Reserve / Wordsworth Reserve 1 (East),3181928
Chamod Dilshan Happawana Vithanage,1,14,7,2025,No,H Division One Day Grade,14 Feb 2026,Glen Forrest Cricket Club,Burkinshaw Park,3181965
1,Ryker Newman,11,8,2025,No,A Division One Day Grade,1 Nov 2025,Dianella Cricket Club,Dianella Regional Open Space / Dianella ROS 1 (Wes,3178155
Chris Popoff,4,7,1,2025,No,I Division One Day Grade,17 Jan 2026,Mount Lawley Inglewood CC I Di,Wordsworth Reserve / Wordsworth Reserve 1 (East),3181935
Darren Franklin,2,5,6,2025,No,I Division One Day Grade,10 Jan 2026,Middle Swan Cricket Club,Wordsworth Reserve / Wordsworth Reserve 1 (East),3181928
Prashan Herath,1,4,10,2025,Yes,H Division One Day Grade,8 Nov 2025,Carlisle Cricket Club,Higgins Park / Higgins Park A (North-East),3181956
Kusal Walliwala Gamage,1,4,10,2025,Yes,H Division One Day Grade,13 Dec 2025,City Beach Greenrange,City Beach Oval / City Beach Oval 1 - Lower,3181960
Tom Condello,2,4,4,2025,No,D Division One Day Grade,29 Nov 2025,Lesmurdie-Mazenod Cricket Club,Pickering Brook Sports Club,3178253
Dennis Freind,2,4,7,2025,No,D Division One Day Grade,28 Feb 2026,Scarborough Cricket Club,Yokine Regional Open Space / Yokine Reserve No 2,3178305
Vishnu Rajendran,3,3,9,2025,No,D Division One Day Grade,29 Nov 2025,Lesmurdie-Mazenod Cricket Club,Pickering Brook Sports Club,3178253
Dennis Freind,1,3,8,2025,No,D Division One Day Grade,28 Feb 2026,Scarborough Cricket Club,Yokine Regional Open Space / Yokine Reserve No 2,3178305
Scott Bretland,1,3,4,2025,No,I Division One Day Grade,7 Mar 2026,Western Wolves CC,Ferrara Park / Ferrara park,3181942
2,Chamod Dilshan Happawana Vithanage,2,7,2025,No,I Division One Day Grade,7 Mar 2026,Western Wolves CC,Ferrara Park / Ferrara park,3181942
1,Nazir Siddique,1,9,2025,No,A Division One Day Grade,1 Nov 2025,Dianella Cricket Club,Dianella Regional Open Space / Dianella ROS 1 (Wes,3178155
Prashan Herath,1,1,10,2025,No,H Division One Day Grade,29 Nov 2025,Ellenbrook Rangers,Ellenbrook District Open Space / North Oval,3181958
3,Vipula Wakkumbura,0,10,2025,No,D Division One Day Grade,29 Nov 2025,Lesmurdie-Mazenod Cricket Club,Pickering Brook Sports Club,3178253
2,Raguvaran Sukumar,0,6,2025,No,I Division One Day Grade,7 Mar 2026,Western Wolves CC,Ferrara Park / Ferrara park,3181942
