player_id,name
3364275,1
3364364,2
3364451,3
3364450,4
3364449,5
3571540,6
3364607,9
794905,A Anand
793135,A Aslam Jan
795400,A Bloor
795384,A Coleman
793169,A Corrie
824824,A Corrie
826157,A Edwards
801012,A Green
794347,A Kovac
824779,A Lankester
793371,A Malik
3636576,A Mathews
796490,A Murray
799382,A Needle
794461,A Samsheer
794200,A Sheikh
793159,A Singh
812632,A Singh
799156,A Skinner
795127,A Smith
796338,A Spencer
794339,A Thapa
793400,A Webley
794182,AB Goodchild
793563,AB Kalimeris
796479,AE Earle
813182,AJ Aslam
794355,Aaron Robson
3571121,Achinda Kasthuri Arachchi
798502,Adam Bassett
793466,Adam Borrett
793301,Adam Duffy
793350,Adam Lankester
796493,Adam Spencer
793848,Adam Wreford
3364349,Adam Wreford
799764,Adam Wright
3636409,Adrian OConnor
800928,Adrian Scott
3364619,Aidan Herbert
3570972,Aiyush Suhasaria
3269790,Ajay Malik
796843,Ajigh RajaGopal
793570,Alan Edwards
800879,Alan Jones
797491,Alan McGuinness
800970,Alan Wilkins
796888,Alby Braun
3571251,Alex Cox
795120,Alex Dowson
794894,Alex Hall
795049,Alex Roberts
795011,Alex Vlahos
3271233,Alexio Yiannakis
797369,Alfred Burrows
795038,Allan Carroll
3268967,Amos Robinson
797627,Andre Gabriel
3636481,Andrew Slattery
797908,Andrew Sorenson
797601,Andrew Symons
794937,Andrew Webley
3271229,Angus Gow
3268980,Angus Motherwell
797509,Anthony Burke
794858,Anthony Libia
797490,Anthony Morgan
793587,Anthony Sinclair
799342,Anthony Wallwork
3636436,Anthony Wallwork
3268887,Aroan Ajayakumar
796256,Arthur Vlahos
793512,Ash Eyre
793186,Ash Yadav
3268885,Ashan Udeshitha
799655,Ashley Caren
793892,Ashley Edwards
797132,Ashley Freind
798981,Ashley Trow
3268886,Aum Patni
824159,B Adams
825161,B Bending
800934,B Donnelly
796228,B Franklyn
3636432,B Hall
796097,B Hardie
794946,B Jagdeep Brar
793353,B Jolley
796761,B Jones
793826,B Le Cras
793875,B LeCras
3636413,B Pope
795421,B Wapshott
796586,B White
796423,BA Parkes
822742,BE Cranny
796532,BJ Loader
3271294,Bailey Hampson
794116,Balram Chahal
796892,Barry Armstrong
797733,Barry Richardson
794540,Ben Gatter
796549,Ben Loader
819618,Ben McInnes
798388,Ben OMera
794857,Ben Price
797382,Ben Santoro
794512,Ben Stephenson
800976,Bert Smith
793200,Bikram Singh
800821,Bill Bridges
3636415,Bill Newnham
797492,Brad Kimber
793689,Brad Walker
798925,Bradley McManus
3364268,Bradley Younger
825228,Brayden Barnes
793624,Brendan Millar
794530,Brendan Miller
796603,Brett Ashby
796054,Brett Harley
798292,Brett Harris
793428,Brett Harrison
795130,Brett Noble
798897,Brett Tester
796876,Brian Buttsworth
796884,Brian France
800971,Brian Henville
797806,Brian Norman
793526,Bruce Stark
797558,Bruce West
794177,Bryce Alexander
3580421,Buddika Buthpitilekamalage
813220,C Breheny
795994,C Brouwer
801104,C Hayes
795052,C Hensley
799375,C Larkin
800931,C Lippiatt
795918,C McGaffry
793980,C Puff
796031,C Schmid
794054,C Singh
798509,C Thomas
793611,C Tilley
793654,C Vaidya
3636412,C Van Uden
795933,C Walkerden
795999,C Woods
825965,CJ Liyanage
799984,Cameron Briscoe
797249,Cameron Gerreyn
3571258,Cameron Lee
3571356,Campbell Bishop
3364568,Campbell Robson
3364556,Carl Singh
796939,Cassis Van Wees
3580403,Chamod Dilshan Happawana Vithanage
795243,Charles Marlam
3571524,Charlotte Harvey Lissienko
799718,Chris Dobson
799086,Chris Henderson
793809,Chris Homer
793465,Chris Mok
801141,Chris Popoff
796990,Chris Robson
796014,Chris Waterman
798046,Chris Whyte
798489,Christopher Barnes
794985,Christopher Gerreyn
796936,Christopher Jebb
797934,Clayton Walsh
793424,Clinton Reid
795091,Colin Dickson
800082,Colin Gotch
799214,Colin Taylor
799399,Colin Thatcher
795104,Connor Hughes
793993,Conor Breheny
3364617,Cooper Ilich King
795002,Cory DeJager
793675,Courtney Swift
793783,Craig Bennett
796840,Craig Fernie
798001,Craig Phillip
798923,Craig Sherlock
799185,Craig Turtle
799455,Craig Wear
793505,Curtis Stark
796584,D Batanares
3636483,D Bertram
793320,D Bowman
3636433,D Brookes
794866,D Caporn
794906,D Diletti
796760,D Geary
795869,D Harris
825163,D Hay
800930,D Jones
825266,D Knowles
795379,D Lennon
796489,D Murray
795312,D Rosario
794405,D Roshun Ali
794951,D Sharma
3636434,D Slattery
794202,D Tingey
794164,D Truslove
795523,D Winning
793319,DA Allsop
795261,DV Kalphas
797357,Damian Bourke
800026,Damian Thompson
794553,Damien Senge
800185,Damien Sheridan
795053,Damien Stefanoff
793318,Dan Leatham
3571171,Dane Peake
794727,Daniel Allsop
793510,Daniel Atkinson
3571539,Daniel Delanty
826069,Daniel Lambrinidis
3364658,Daniel Leatham
797715,Daniel Munachen
813044,Daniel Sims
797380,Danny Bidgood
799388,Danny Toohey
797372,Danny Wildman
795189,Darcy Boyle
796919,Darrell Wilson
819900,Darren Franklin
797473,Darren Green
794096,Darren Holt
796223,Darren Hutchins
795117,Darren Hutchins
793149,Darren Johnson
799923,Darren Mackie
793437,Darren Stride
797508,Darren Young
796928,Daryl Pegrum
796890,Dave Cosson
794505,Dave Dewhurst
796880,Dave Ralston
797765,Dave Wilcox
798354,David Brooks
3364278,David Cameron
826078,David Chignell
798000,David Creusot
798294,David Gulberti
793405,David Hallows
797935,David Hutchinson
798990,David Jones
797832,David Lenane
799222,David Moralee
793527,David Rye
799672,David Separovic
799219,David Sheppard
794862,David Singh
793423,David Van Wees
3636416,David Vincent
813248,Davis Bode
797299,Dean Carter
793431,Dennis Freind
3268941,Dev Baswan
794652,Devender Kumar
798924,Doug Osborne
793457,Dov Morris
796482,Dov Morris
793416,Duane Crombie
801094,E Cooley
3636407,E Fellwes
798312,Evan Standley
3636430,F Collins
801112,F Woods
797532,Felix Machado
796882,Fred Buttsworth
3636408,G Allan
887583,G Ashworth
798896,G Bourner
795382,G Breslin
795033,G Dick
793438,G Fawell
796032,G Lazaridis
795013,G McMillan
797734,G Middleton
793811,G Minhas
812598,G Singh
794298,G Swift
795200,G Van Deerst
795228,G Vasanth
794142,GA Carslake
794572,GC Siddalingappa
793777,Garath Van Der Elst
798642,Gary Burton
799789,Gary Chivers
801137,Gary Formica
794498,Gary Freind
825269,Gavin Doull
3636410,Gavin Smith
797498,Geoff Colgan
796887,Geoff Hamel
800111,Geoff OMeara
793774,Gino Giamboi
798633,Glen Bailey
797528,Glenn Andersson
799212,Glenn McKinnon
797893,Glenn Sadler
819610,Glenn Welton
793427,Goppi Singh
798076,Graeme Angwin
797263,Graeme Dennis
795077,Graeme Pryce
798794,Graham Bowman
799839,Graham Butler
793151,Grant Carslake
797264,Grant Cross
800933,Grant Meredith
800924,Greg Kent
3636477,Gregg Mumme
800141,Gregory Fahl
799216,Gregory Leahy
797500,Gregory Martin
799669,Gregory Smith
793264,Gurdeep Singh
813045,Gurpreet Brar
794510,Gurpreet Sidhu
798944,Guy Welton
794758,H Batth
813219,H Beasy
794802,H Bhullar
794811,H Thind
793471,Happee Boparai
794759,Harbhinder Sandhu
796886,Harry Varis
793425,Hayden Candy
3583975,Hayden Young
823204,I  CHAHAL
796838,I Cruttenden
794463,I Irfan
794059,I Morawiec
794853,I Singh
797838,Ian Blake
796697,Ian Gamble
3571502,Ian Glover
3636435,Ian Price
800926,Ian Russell
3636431,Ian Scott
799381,Ian Scott
794175,Ian Wilson
795238,J Basher
824404,J Berger
795818,J Broadbent
795904,J Coombs
824863,J Cuthbert
795801,J Eyre
799014,J Franklin
813047,J Galhena
796336,J Grime
795927,J Hill
794469,J Janson
824318,J Kendall
794199,J Lennox
795803,J MacRae
840005,J McAuliffe
794688,J McColl
801057,J McGill
826411,J Melanko
794346,J Moran
813211,J Naidoo
794969,J OBrien
794796,J Pember
824416,J Plowman
794412,J Rudrapuriaa
796252,J Smith
824374,J Trichilo
795708,J Von Benecke
796038,J Walker
794037,J Walsh
795299,J Wilson
799231,J Young
796290,JA Skowron
795524,JA Timos
795362,JA Winter
794008,JD Krasenstein
796366,JD Paternostro
795246,JL Dimond
796339,JW Cornwall
795048,Jack Vlahos
3271227,Jackson Delamare
796820,Jacob Paternostro
828335,Jagdeep Brar
794176,Jake Finney
3271225,James Beardmore
796596,James Bourne
793786,James Day
793801,James Ditchburn
3364606,James Knapton
796996,James Vellios
799817,Jamie Chircop
797320,Jarrod Ebert
797388,Jarrod Worth
797515,Jason Alexander
798493,Jason Boekleman
797381,Jason Carlyon
798753,Jason Cobb
797438,Jason Dewar
797839,Jason Hewson
799209,Jason Luckman
797700,Jason Moore
797519,Jay Hindmarsh
798487,Jay Holland
797435,Jeff Barndon
799249,Jeff Healy
794990,Jeff Stephenson
797566,Jeff West
797275,Jeremy Davis
3636411,Jim Spiers
797456,Joe DelBorello
819934,Joe Morgan
798908,Joel Duschka
797981,John Cottier
799203,John Eyres
3270317,John Isaac
799462,John Kelly
796605,John Lewis
796617,John Marion
793804,John Taylor
3364644,Jordan Egan
794297,Josh Copping
794172,Josh Demarte
794994,Josh Taylor
798628,Joshua Farmer
797412,Joshua Wells
3268966,Judd Diletti
793143,Jun Singh
3571360,Jungsher Kaler
797651,Justin Davis
796552,Justin Dimond
799791,Justin Fisher
795190,Justin Joyce
813081,Justin Kickett
794371,K Bond
794936,K Brown
793835,K Francis
825180,K Hay
794092,K Murthy Dhansing
794097,K Natraj
800961,K Robinson
794451,K Sharma
793464,K Symons
3364618,Kael Wallace
793540,Kai Homer
793472,Karamdeep Brar
793263,Karamdeep Brar
793793,Karamjeet Singh
799013,Keith DeSilva
798597,Keith Manea
800974,Keith Randell
793446,Keith Zissis
800929,Ken Cardy
798756,Ken Hart
794715,Kenneth Kelly
3570986,Keshav Tewari
3364478,Kevin Bishop
800977,Kevin Lock
794712,Kevin Rowland
795174,Kim Anderson
793803,Kirk Howes
3364604,Koopa Walsh
3580420,Kusal Walliwala Gamage
796690,Kyle Adams
3268940,Kyle Francis
794204,L Ashforth
796342,L Boss
826388,L Crombie
794900,L Edwards
796042,L English
3636417,L Ferguson
796604,L Hawkins
794391,L Jackson
794421,L Johnson
799910,L Nelson
795368,L Pollard
794850,L Singh
793157,LH Berendsen
3571374,Lakmal Madushanka Madawala Maddumage Don
799797,Lance Ferguson
799186,Lawrence Lee
798737,Lee Blake
799367,Lee Hall
794721,Lee Maas
797545,Lee Travis
797744,Lee Van der Burgt
797231,Leigh Spencer
797835,Len Kelly
795876,Len Peterson
794064,Leon Burrows
795359,Leon Okely
823224,Ls Buttar
3579980,Luca Crombie
3269681,Luca Crombie
797593,Luigi Dadamo
797866,Luke Capper
824418,M Burgess
799373,M Colbert
795731,M Dewhurst
3636429,M Dunning
3636428,M Evans
796921,M Gileno
800963,M Giles
794993,M Gill
3636406,M Hoiwen
795144,M Ireland
801077,M Jessop
794480,M Kerr
825160,M Kesavan
801074,M Law
801046,M Leeder
795030,M Lemesurier
794823,M Martin
3636574,M Marzeck
794197,M Munish
794923,M Norton
794570,M Owen
796583,M Padrotto
793846,M Power
794949,M Thakur
796043,M Van Dooren
796740,M Webster
799006,M Woods
795858,M Zanotti
796585,MD Rowe
794664,MG Armstrong
823205,MS Sidhu
797753,Malcolm Feasey
797843,Malcolm Williams
3570859,Manav Patel
3364552,Mandeep Grewal
794638,Mandeep Sidhu
826458,Mandeep Singh
825144,Mandeep Singh
3272042,Mandeep khokhar
3571122,Manoj jayawardena
3580411,Manula Rajakaruna
798705,Marcus Nolan
797978,Mark Butler
798042,Mark DMello
798967,Mark Delane
797760,Mark Dennis
795481,Mark Dickson
798820,Mark Grima
798745,Mark ONeill
797921,Mark Pearson
799358,Mark Rush
793439,Mark Sinclair
796581,Mark Stevens
797169,Mark Waugh
794446,Martin Burrow
799968,Martin Senior
796851,Matt Bailey
795620,Matt Behn
793994,Matt Wilson
798781,Matthew Arthurson
797823,Matthew DMello
798006,Matthew Duffy
795859,Matthew Hilleard
800172,Matthew Smith
796941,Matthew Sorensen
797792,Matthew Sullivan
3579984,Maxim Crombie
795069,Mayank Madan
799985,Michael Allen
3636577,Michael Cope
797952,Michael Cunningham
794718,Michael Gartell
794192,Michael Mani
793787,Michael Peter
799089,Michael Petrie
796822,Michael Rowe
797055,Michael Unwin
795036,Mick Andrews
797868,Mick Byrne
799243,Mick OReilly
3364476,Mike Whehella
3269697,Mike Whehella
794115,Minish Diniadan
3580416,Missaka Wickramasinghe
795396,Mitch Sidon
3580414,Mohamed Zainudeen
3364292,Moran Robert Dedman Nielsen
799211,Murray Quarrell
799232,N Culbert
795263,N Gordon
801111,N Hepbard
796367,N Lombardini
800978,N McDiarmid
793957,N Panjepa
798598,N Samules
794431,N Singh
3636475,N Stenhouse
794798,N Thankasaga
794776,N Thiranrajan
796827,ND Jones
798659,Nahan Phelpes
796651,Nathan Freind
824872,Nathan Hearnes
795165,Nathan Marrocco
798063,Nathan Whitney
815275,Navjot Toor
3570929,Nazir Siddique
796595,Neil Steadman
796789,Nick Gileno
795838,Nicko Zissis
824709,Nilan Chandratilake
3571120,Nimesh Shamalka
813737,Nirbhai Sohi
799862,Nishan Jayawarderna
3580413,Nuwan Jayathma Liyanaarachchi Liyana Arachchige
822733,O Cranny
3271228,Oliver Diaz
3570981,Oliver Spurling
793404,Ollie Holt
794757,Onka Singh
3271226,Oscar Benger
3636419,P Budd
795567,P Curtis
824403,P DSouza
795369,P Greene
3636476,P Ninnis
796597,P Notaras
3636480,P Purnell
794519,P Rados
794370,P Singh
794420,P Virk
795394,P Wright
794009,PJ Francis
813735,Pankaj Dhall
813072,Parminder Sandhu
796842,Paul Bunn
798942,Paul Butler
798943,Paul Calcott
794581,Paul Dickson
795050,Paul Foster
824859,Paul Holmes
798646,Paul Kenney
793317,Paul Maindok
795480,Paul Massara
793448,Paul McNamara
796978,Paul Messenger
795211,Paul Peos
797544,Paul Phillips
799197,Paul Richardson
794174,Paul Ridley
797391,Peter Bibby
798725,Peter Byrne
798027,Peter Collins
800881,Peter Davies
800875,Peter Davies
3591613,Peter MacDonald
799691,Peter McSweeney
795103,Peter Vlahos
797706,Peter Westgate
798585,Phil Brewer
800184,Phil Greatrix
798608,Phil Kenney
793162,Phillip Ross
3571373,Prabud Peduru Hewa
3580410,Prashan Herath
794725,R Amlani
800268,R Campbell
794163,R Clifton James
799223,R Colley
794190,R Edmonds
3636414,R Finch
800964,R Gaunt
794910,R Gill
796218,R Gipson
3636478,R Hollaway
796403,R Howell
794659,R Kempanna
3636418,R Lote
3636479,R Lynn
796075,R McCormick
799233,R McLean
794069,R Mohamed
794892,R Morgan
794481,R Murali
794404,R Rajana
793813,R Sandhu
793262,R Singhal
825255,R Singhal
794743,R singh
795173,RA Kobryn Coletti
824843,RL James
797525,Raebern DSylva
796943,Raghu Gopalan
793673,Raghu Sharma
3579978,Raguvaran Sukumar
883907,Ralph Brockman
794055,Randeep Brar
794521,Ranjit Singh
801136,Ray Sheridan
881325,Ray Taylor
796878,Raymond Scott
3272361,Rehman Virk
793938,Richard James
799206,Richard Sturgess
887559,Richard Vigus
799393,Rick McKenna
800973,Rob Wheeler
793467,Robbie Edwards
798077,Robbie Taylor
799794,Robert Bond
3615719,Robert Edwards
799739,Robert Fay
797250,Robert McKrill
800192,Rodney Chaney
799064,Rodney Taylor
797860,Ron Gillespie
3271370,Rory Wallace
793551,Ross Baker
3580415,Rusiru Pitiyage
800183,Russell Gallagher
794911,Russell Gerreyn
793511,Russell Normoyle
825995,Ryan Barndon
798486,Ryan Davis
3271230,Ryan Herbert
819617,Ryan James
798491,Ryan Kershaw
795733,Ryan Shelton
3270319,Ryker Newman
824864,Rylan Candy
800959,S Carroll
800962,S Fairs
793547,S Gill
801044,S Hunter
796352,S Kaul
799303,S Kitching
796994,S Kristen
795367,S Kumar
794385,S Nunan
793163,S Pawday
812557,S Pawday
822720,S Seb
799391,S Taylor
796701,S Toutikian
794409,S Wagh
793984,S Young
796656,SK Krishnan
3364440,SUNNY PRADHAN
3272040,Sagar Lather
819930,Sajan Hanjra
3580412,Saliya Widanagamage
793568,Sam Finnigan
822066,Samuel Freind
3364603,Samuel Weston
793338,Sandeep Brar
3580433,Sandeepa Hevavasam Patuvatha Vedage
797751,Sarfaraz Samnakay
796812,Satish Krishnan
793468,Scott Barnard
825229,Scott Bretland
797618,Scott Kimber
794178,Scott Powell
797797,Sean Galvin
798644,Sean Keating
799066,Sean McKenner
795275,Sean Okley
3570949,Shaan Patel
3636482,Shane Evans
799792,Shane Ferdinadus
799165,Shane Innes
800173,Shane Lee
799220,Shane Manners
795479,Shane Shaw
797503,Sharjeel Ashraf
797845,Shaun Woods
3364477,Shishpal Rana
795037,Simon Borrett
3591607,Simon Casey
812613,Simon Ward
796810,Simon Wilson
796404,Simpson Kelly
3364569,Spiro Kalafatas
798160,Stephen Clarke
800240,Stephen DenRidder
795527,Steve Moore
798898,Steve Morgan
795135,Steven Freind
799747,Stuart Gerreyn
3270389,Swarom Kanvinde
823240,T Allen
796013,T Bambury
796098,T Branston
796078,T Champion
795244,T Cox
796089,T Dias
824789,T Jayakodi Arachchige
3636575,T Martin
887571,T Robertson
794935,T Tripp
796762,T Vlahos
796053,TC Williams
793234,TW DeRozario
797505,Tariq Haroon
797203,Taylor Heath
798890,Terry Holbrook
799448,Terry Ward
815247,Thanuja Jayakodi Arachchige
3364377,Thanuja Jayakodi Arachchige
824857,Thomas Cross
793594,Tim Galbraith
797551,Tim Reid
796613,Timothy Bailey
794509,Timothy Gailbraith
793473,Tom Condello
3271232,Tom Parkinson
840006,Tom Tapping
794128,Tony Bassett
799244,Tony Carrier
3636609,Tony Carrier
798984,Tony Lennox
798755,Tony Zimbulis
824706,Trent George Kennedy
798799,Trevor Craib
3615704,Trevor DeRozario
800025,Troy Peacock
794173,Tyrone Allen
797044,Tyrone Kennedy
794947,V Bath
800094,V Litton
794965,V Patel
800988,Vic Robertson
3571372,Vihanga Silva
3272037,Vijay Lather
797531,Vikram Kalaimani
3272430,Vinit Kumar
3571123,Vipula Wakkumbura
826109,Vishnu Rajendran
793129,W Abbas
826445,W Harrington
793795,W Roberts Wiseman
826001,WI Drummond
798763,Wade Carruthers
794372,Ward Bond
798035,Warren Pearson
798353,Warren Zeplin
797253,Wayne Rasmussen
3271231,Will Hudson
793837,Y Rai
794755,Yaadwinder Toor
794689,Z Taylor
794571,Z Zerron
794913,Zack Van Wees
793406,Ziiyad Salle
794060,d jackson
3271295,daniel spencer
3364605,oscar weston
794646,v hardingham
