player_name,season_label,grade_label,games_played,batting_innings,batting_not_outs,batting_runs,batting_balls,batting_fours,batting_sixes,batting_high_score,bowling_overs,bowling_maidens,bowling_runs,bowling_wickets,bowling_wides,bowling_no_balls,bowling_best_figures
A (Paterson) Pattison,Summer 2013/14,VCV,1,,,,,,,,,,,,,,
A (Paterson) Pattison,Summer 2013/14,One Off Games,1,,,,,,,,,,,,,,
A MacDonald,Summer 2013/14,VCV,1,,,,,,,,,,,,,,
A Nesbitt,Summer 2010/11,One Off Games,1,,,,,,,,,,,,,,
A Nesbitt,Summer 2011/12,One Off Games,1,,,,,,,,,,,,,,
Alan Dobeson,Summer 2019/20,VCV,6,6,2,34,86,2,,13,19,2,74,3,3,2,1-7
Alan Dobeson,Summer 2019/20,Peter Phyland Trophy,1,1,,,12,,,0,6,1,16,3,,,3-16
Alan Dobeson,Summer 2019/20,Border Cup,1,1,1,12,25,1,,12*,7,,24,1,1,,1-24
Alan Dobeson,Summer 2020/21,VCV,6,6,2,46,98,5,,16,21.4,,91,1,,,1-11
Alan Dobeson,Summer 2020/21,Border Cup,3,3,1,30,49,4,,21,16,4,54,2,5,3,2-16
Alan Dobeson,Summer 2021/22,VCV,7,7,2,57,154,2,,14,36,1,151,2,7,,2-18
Alan Dobeson,Summer 2021/22,Border Cup,3,2,1,11,32,1,,9,11,,63,1,4,1,1-11
Alan Dobeson,Summer 2022/23,VCV,2,1,,,5,,,0,14,2,33,3,,,3-20
Alan Dobeson,Summer 2022/23,Border Cup,1,1,,,6,,,0,7,,35,,,,0-35
Alan Dobeson,Summer 2023/24,VCV,6,6,2,42,68,4,,14,36.1,2,172,3,2,2,2-31
Alan Dobeson,Summer 2023/24,Peter Phyland Trophy,1,1,1,20,25,2,,20*,3,,19,,,,0-19
Alan Dobeson,Summer 2023/24,Border Cup,2,1,,3,8,,,3,6,,19,2,3,,2-15
Alan Dobeson,Summer 2024/25,VCV,4,4,2,33,88,3,,15,25,,133,4,4,,1-17
Alan Dobeson,Summer 2024/25,Peter Phyland Trophy,1,1,,8,15,,,8,7,1,25,3,,,3-25
Alan Dobeson,Summer 2024/25,Border Cup,2,2,1,16,26,1,,16,11,1,49,,,,0-16
Alan Dobeson,Summer 2024/25,One Off Games,1,1,,6,17,,,6,6,1,19,,1,,0-19
Alan Dobeson,Summer 2024/25,Echuca Carnival,3,2,1,11,17,1,,11,13,1,50,1,4,1,1-24
Allan Huf,Summer 2011/12,One Off Games,2,,,,,,,,,,,,,,
Allan Huf,Summer 2018/19,VCV,4,4,1,59,66,6,2,41,,,,,,,
Allan Huf,Summer 2018/19,Peter Phyland Trophy,1,1,1,5,25,,,5*,,,,,,,
Allan Huf,Summer 2018/19,Border Cup,3,3,,33,43,5,,17,7,,23,1,7,3,1-7
Allan Huf,Summer 2019/20,VCV,6,6,3,58,100,6,,15,,,,,,,
Allan Huf,Summer 2019/20,Peter Phyland Trophy,1,1,1,10,25,1,,10*,,,,,,,
Allan Huf,Summer 2019/20,Border Cup,2,2,1,27,31,4,,18,,,,,,,
Allan Huf,Summer 2020/21,VCV,5,5,2,73,96,9,,25,,,,,,,
Allan Huf,Summer 2020/21,Border Cup,3,3,,24,58,1,,12,,,,,,,
Allan Huf,Summer 2021/22,VCV,5,5,4,62,113,6,,26,,,,,,,
Allan Huf,Summer 2021/22,Border Cup,2,2,,35,37,5,,21,,,,,,,
Allan Huf,Summer 2022/23,VCV,1,1,1,19,26,1,,19*,,,,,,,
Allan Huf,Summer 2022/23,Border Cup,1,1,1,9,31,,,9*,,,,,,,
Allan Huf,Summer 2023/24,VCV,3,3,2,25,71,1,,16,,,,,,,
Allan Huf,Summer 2024/25,VCV,4,4,3,17,68,2,,8,,,,,,,
Allan Huf,Summer 2024/25,One Off Games,1,1,1,13,16,2,,13*,,,,,,,
B (Cruise) Crew,Summer 2013/14,VCV,1,,,,,,,,,,,,,,
B (Cruise) Crew,Summer 2013/14,One Off Games,1,,,,,,,,,,,,,,
B Barr,Summer 2011/12,One Off Games,1,,,,,,,,,,,,,,
B Herbertson,Summer 2010/11,One Off Games,1,,,,,,,,,,,,,,
B Herbertson,Summer 2011/12,One Off Games,1,,,,,,,,,,,,,,
Brian Kearney,Summer 2013/14,One Off Games,1,,,,,,,,,,,,,,
C Baulch,Summer 2020/21,VCV,1,,,,,,,,,,,,,,
C Ray,Summer 2010/11,One Off Games,1,,,,,,,,,,,,,,
Charles Rees,Summer 2012/13,VCV,1,,,,,,,,,,,,,,
Charles Rees,Summer 2012/13,Border Cup,3,,,,,,,,,,,,,,
Charles Rees,Summer 2012/13,One Off Games,6,,,,,,,,,,,,,,
Charles Rees,Summer 2013/14,VCV,1,,,,,,,,,,,,,,
Charles Rees,Summer 2013/14,One Off Games,1,,,,,,,,,,,,,,
Charles Rees,Summer 2015/16,Border Cup,1,,,,,,,,,,,,,,
Charles Rees,Summer 2015/16,WillowFest,1,,,,,,,,,,,,,,
Chris Healey,Summer 2011/12,One Off Games,1,,,,,,,,,,,,,,
Chris Healey,Summer 2012/13,VCV,1,,,,,,,,,,,,,,
Chris Healey,Summer 2012/13,Border Cup,1,,,,,,,,,,,,,,
Chris Healey,Summer 2012/13,One Off Games,6,,,,,,,,,,,,,,
Chris Healey,Summer 2013/14,VCV,1,,,,,,,,,,,,,,
Chris Healey,Summer 2013/14,One Off Games,1,,,,,,,,,,,,,,
Chris Healey,Summer 2015/16,WillowFest,1,,,,,,,,,,,,,,
Chris Hutchins,Summer 2015/16,Border Cup,1,,,,,,,,,,,,,,
Chris Hutchins,Summer 2015/16,WillowFest,1,,,,,,,,,,,,,,
Chris Hutchins,Summer 2016/17,VCV,4,4,3,116,110,12,2,62,15,1,66,2,,,1-17
Chris Hutchins,Summer 2016/17,Peter Phyland Trophy,1,1,,17,16,3,,17,,,,,,,
Chris Hutchins,Summer 2016/17,Border Cup,3,3,2,101,103,11,1,43,14,,43,2,,2,1-5
Chris Hutchins,Summer 2016/17,WillowFest,3,3,3,79,105,10,2,31*,14,,51,3,,,2-8
Chris Hutchins,Summer 2017/18,WillowFest,1,,,,,,,,,,,,,,
Chris Hutchins,Summer 2018/19,VCV,4,4,3,102,99,20,,42,24,2,89,4,3,1,2-19
Chris Hutchins,Summer 2018/19,Peter Phyland Trophy,1,1,,11,23,,,11,6,2,12,1,1,,2-25
Chris Hutchins,Summer 2018/19,Border Cup,3,3,1,53,59,7,,26,14,1,52,2,,,1-10
Chris Hutchins,Summer 2019/20,VCV,8,8,7,259,273,35,2,43,44.4,8,163,10,2,1,3-32
Chris Hutchins,Summer 2019/20,Peter Phyland Trophy,1,1,,33,43,5,,33,6,,12,,,,0-12
Chris Hutchins,Summer 2019/20,Border Cup,3,3,1,44,36,8,1,39,16,,69,2,,,1-8
Chris Hutchins,Summer 2019/20,WillowFest,3,3,3,86,96,9,,40*,19,6,46,3,,,1-5
Chris Hutchins,Summer 2020/21,VCV,6,6,3,123,139,18,,41,26.5,2,101,1,2,2,1-11
Chris Hutchins,Summer 2020/21,Border Cup,3,3,3,57,110,3,1,28*,9,3,39,1,2,,1-2
Chris Hutchins,Summer 2021/22,VCV,8,8,5,148,189,15,3,43,31.3,3,121,5,1,1,3-4
Chris Hutchins,Summer 2021/22,Border Cup,2,2,,17,32,1,,0,4,1,14,1,,,1-14
Chris Hutchins,Summer 2023/24,VCV,4,4,1,92,132,12,,36,21,2,96,4,1,,2-19
Chris Hutchins,Summer 2023/24,Peter Phyland Trophy,1,1,,13,22,2,,13,6,,11,2,1,,2-11
Chris Hutchins,Summer 2023/24,Border Cup,3,2,2,28,61,2,1,20*,15,4,48,4,1,1,2-10
Chris Hutchins,Summer 2024/25,VCV,6,6,5,78,167,9,,39,29,3,119,5,,1,2-17
Chris Hutchins,Summer 2024/25,Peter Phyland Trophy,1,1,1,27,25,3,1,27*,6,,27,2,,,2-27
Chris Hutchins,Summer 2024/25,One Off Games,2,2,1,41,34,6,1,30,10,1,42,1,,,1-12
Chris Hutchins,Summer 2024/25,Echuca Carnival,4,3,1,37,54,3,,25,17,4,63,1,5,1,1-28
Chris Lehmann,Summer 2023/24,VCV,5,5,2,111,105,23,,43,,,,,,,
Chris Lehmann,Summer 2023/24,Peter Phyland Trophy,1,1,1,43,31,9,,43*,,,,,,,
Chris Lehmann,Summer 2023/24,Border Cup,3,3,1,18,41,3,,12,,,,,,,
Chris Lehmann,Summer 2024/25,VCV,6,6,,76,114,13,,28,3,,11,1,,,1-11
Chris Lehmann,Summer 2024/25,Peter Phyland Trophy,1,1,1,15,25,2,,16*,2,,28,,1,,0-28
Chris Lehmann,Summer 2024/25,One Off Games,1,1,1,22,25,5,,22*,3,,17,1,,,1-17
Chris Lehmann,Summer 2024/25,Echuca Carnival,4,4,1,83,111,9,,36,3,,7,2,,,2-7
Chris Tote,Summer 2016/17,Border Cup,2,2,2,43,50,6,1,30*,10,2,21,1,,,1-15
Craig Marrow,Summer 2024/25,VCV,2,2,2,73,50,10,,41*,5,1,19,1,,,1-19
D Barr,Summer 2010/11,One Off Games,1,,,,,,,,,,,,,,
D Barr,Summer 2011/12,One Off Games,3,,,,,,,,,,,,,,
D Barr,Summer 2012/13,Border Cup,2,,,,,,,,,,,,,,
D Barr,Summer 2012/13,One Off Games,5,,,,,,,,,,,,,,
D Petch,Summer 2010/11,One Off Games,1,,,,,,,,,,,,,,
D Petch,Summer 2011/12,One Off Games,3,,,,,,,,,,,,,,
Darren Groves,Summer 2024/25,VCV,3,3,1,87,64,12,2,38,4,1,14,,,,0-2
Darren Groves,Summer 2024/25,One Off Games,1,1,1,26,25,5,,26*,4,,19,,,,0-19
David Spencer,Summer 2022/23,VCV,2,2,1,15,28,,,13,6,,21,,1,,0-21
David Spencer,Summer 2023/24,VCV,5,5,2,119,93,19,1,41,21,4,78,5,,,2-9
David Spencer,Summer 2023/24,Peter Phyland Trophy,1,1,,14,15,3,,14,7,1,34,,,,0-34
David Spencer,Summer 2023/24,Border Cup,3,2,,16,27,2,,14,,,,,,,
David Spencer,Summer 2024/25,VCV,4,4,2,73,100,10,,34,15,2,86,,1,1,0-18
David Spencer,Summer 2024/25,Peter Phyland Trophy,,,,,,,,,11.1,1,43,3,,,2-10
David Spencer,Summer 2024/25,Border Cup,3,3,,12,27,1,,7,,,,,,,
David Spencer,Summer 2024/25,Echuca Carnival,3,3,1,30,68,2,,14,,,,,,,
Doug Rogerson,Summer 2015/16,WillowFest,1,,,,,,,,,,,,,,
Doug Rogerson,Summer 2016/17,VCV,2,,,,,,,,,,,,,,
Doug Rogerson,Summer 2016/17,Peter Phyland Trophy,1,1,,12,21,2,,12,,,,,,,
Doug Rogerson,Summer 2016/17,WillowFest,3,3,1,27,56,5,,28,,,,,,,
Doug Rogerson,Summer 2018/19,VCV,2,2,,26,32,4,,26,,,,,,,
G James,Summer 2010/11,One Off Games,1,,,,,,,,,,,,,,
G O'Connell,Summer 2011/12,One Off Games,1,,,,,,,,,,,,,,
G Vaughan,Summer 2011/12,One Off Games,3,,,,,,,,,,,,,,
G Vaughan,Summer 2012/13,One Off Games,1,,,,,,,,,,,,,,
G Vaughan,Summer 2013/14,One Off Games,1,,,,,,,,,,,,,,
Gary Cameron,Summer 2019/20,Border Cup,1,1,1,7,25,,,7*,4,,9,,1,,0-9
Gary Milich,Summer 2010/11,One Off Games,1,,,,,,,,,,,,,,
Gary Milich,Summer 2011/12,One Off Games,2,,,,,,,,,,,,,,
Gary Milich,Summer 2012/13,VCV,1,,,,,,,,,,,,,,
Gary Milich,Summer 2012/13,Border Cup,2,,,,,,,,,,,,,,
Gary Milich,Summer 2012/13,One Off Games,4,,,,,,,,,,,,,,
Gary Milich,Summer 2013/14,VCV,1,,,,,,,,,,,,,,
Gary Milich,Summer 2015/16,WillowFest,1,,,,,,,,,,,,,,
Gary Milich,Summer 2020/21,VCV,4,3,2,12,47,1,,10,17,1,81,2,,,1-20
Gary Milich,Summer 2020/21,Border Cup,2,2,,1,10,,,1,5,,21,,,,0-21
Gary Milich,Summer 2021/22,VCV,1,1,,,1,,,0,,,,,,,
Gary Milich,Summer 2022/23,VCV,2,2,2,10,28,,,7*,3,,18,,,,0-6
Gary Milich,Summer 2022/23,Border Cup,1,1,,5,21,1,,5,,,,,,,
Gavin Huf,Summer 2020/21,VCV,1,1,,5,14,,,5,1,,7,,,,0-7
Gavin Huf,Summer 2020/21,Border Cup,1,1,,14,29,2,,14,6,,25,,,,0-25
Gavin Huf,Summer 2021/22,VCV,4,4,3,49,83,2,,19,13,1,51,3,1,,2-10
Gavin Kearney,Summer 2019/20,VCV,2,2,2,32,50,2,,19*,4,2,5,1,1,,1-5
Gavin Kearney,Summer 2020/21,VCV,6,5,2,95,106,9,,35,25.4,4,70,5,,,3-14
Gavin Kearney,Summer 2020/21,Border Cup,2,2,2,21,50,2,,13*,9,3,19,4,1,,3-16
Gavin Kearney,Summer 2021/22,VCV,8,6,3,60,100,5,,26,26,2,69,3,,,1-3
Gavin Kearney,Summer 2021/22,Border Cup,3,2,,6,18,,,3,9,1,38,1,,,1-16
Gavin Kearney,Summer 2022/23,Border Cup,1,1,,18,22,4,,18,2,,9,,1,,0-9
Gavin Kearney,Summer 2023/24,VCV,5,5,2,86,108,13,,38,20,5,55,2,,,1-8
Gavin Kearney,Summer 2023/24,Peter Phyland Trophy,1,1,1,14,30,1,,14*,4,,9,3,,,3-9
Gavin Kearney,Summer 2023/24,Border Cup,1,1,1,17,21,1,,17*,,,,,,,
Gavin Kearney,Summer 2024/25,VCV,3,2,1,27,34,3,,26,10.2,,36,4,,,3-11
Gavin Kearney,Summer 2024/25,Peter Phyland Trophy,1,1,1,16,24,2,,16*,4,1,9,,,,0-9
Gavin Kearney,Summer 2024/25,Border Cup,3,3,1,70,107,6,,28,7,1,14,,,,0-5
Gavin Kearney,Summer 2024/25,Echuca Carnival,2,1,1,24,32,1,,24*,,,,,,,
Geoff Barker,Summer 2011/12,One Off Games,1,,,,,,,,,,,,,,
Geoff Barker,Summer 2015/16,Border Cup,1,,,,,,,,,,,,,,
Geoff Barker,Summer 2016/17,VCV,4,3,2,70,51,9,,41,13.5,,49,4,,,2-26
Geoff Barker,Summer 2016/17,Peter Phyland Trophy,1,1,,5,4,1,,5,,,,,,,
Geoff Barker,Summer 2016/17,Border Cup,3,3,3,75,88,6,,30*,16,5,30,2,,1,2-6
Geoff Barker,Summer 2016/17,WillowFest,3,3,1,77,67,7,1,32,11,3,32,3,1,1,2-16
Geoff Barker,Summer 2017/18,WillowFest,1,,,,,,,,,,,,,,
Geoff Barker,Summer 2018/19,VCV,2,2,1,42,51,6,,42,12,3,31,3,4,,2-28
Geoff Barker,Summer 2018/19,Peter Phyland Trophy,1,1,1,29,25,2,1,29*,6,,26,,2,,0-26
Geoff Barker,Summer 2018/19,Border Cup,3,3,2,73,46,11,1,40,16,3,32,2,,,1-9
Geoff Barker,Summer 2019/20,VCV,7,7,6,155,156,12,1,30,31,6,110,7,1,,2-20
Geoff Barker,Summer 2019/20,Peter Phyland Trophy,1,1,,,6,,,0,6,3,12,1,,,1-12
Geoff Barker,Summer 2019/20,Border Cup,2,2,2,35,30,4,,39*,4,,24,1,,,1-2
Geoff Barker,Summer 2019/20,WillowFest,4,4,3,114,110,11,,30,21,6,41,5,,,2-3
Geoff Barker,Summer 2020/21,VCV,5,5,4,149,148,16,1,41,21,1,63,4,4,,2-24
Geoff Barker,Summer 2021/22,VCV,7,7,4,145,150,15,,42,32,2,90,9,3,2,3-25
Geoff Barker,Summer 2021/22,Border Cup,3,3,2,31,40,3,,23,10,2,42,2,2,,1-18
Geoff Barker,Summer 2022/23,VCV,4,4,4,133,137,19,,40*,23,2,67,5,,,3-27
Geoff Barker,Summer 2022/23,Border Cup,3,3,1,50,65,6,,22,21,3,82,4,,,2-32
Geoff Barker,Summer 2023/24,VCV,5,5,5,148,137,17,,43*,19,1,82,2,,,1-10
Geoff Barker,Summer 2023/24,Peter Phyland Trophy,1,1,1,28,26,5,,28*,4,3,5,,,,0-5
Geoff Barker,Summer 2023/24,Border Cup,3,2,1,27,46,2,,14,,,,,,,
Geoff Barker,Summer 2024/25,VCV,4,4,2,55,94,2,,21,23,4,58,8,,,4-14
Geoff Barker,Summer 2024/25,Peter Phyland Trophy,1,1,,25,23,3,,25,6,,11,,1,,0-11
Geoff Barker,Summer 2024/25,Border Cup,3,3,3,83,90,7,,40*,16,3,59,2,,,2-20
Geoff Barker,Summer 2024/25,One Off Games,1,1,1,33,25,6,,33*,2,,2,1,,,1-2
Geoff Barker,Summer 2024/25,Echuca Carnival,4,4,3,67,80,4,,33,16,3,42,4,4,1,1-2
Graeme Patterson,Summer 2012/13,One Off Games,1,,,,,,,,,,,,,,
Graham Freshwater,Summer 2017/18,WillowFest,1,,,,,,,,,,,,,,
Graham Freshwater,Summer 2019/20,WillowFest,4,,,,,,,,,,,,,,
Greg McAdam,Summer 2013/14,VCV,1,,,,,,,,,,,,,,
Greg McAdam,Summer 2013/14,One Off Games,1,,,,,,,,,,,,,,
Greg McAdam,Summer 2015/16,Border Cup,1,,,,,,,,,,,,,,
Greg McAdam,Summer 2016/17,VCV,3,3,1,35,52,3,,19,,,,,,,
Greg McAdam,Summer 2016/17,Peter Phyland Trophy,1,1,,16,24,,,16,,,,,,,
Greg McAdam,Summer 2016/17,Border Cup,1,1,,,2,,,0,,,,,,,
Greg McAdam,Summer 2017/18,WillowFest,1,,,,,,,,,,,,,,
Greg McAdam,Summer 2018/19,VCV,1,1,,5,34,,,5,,,,,,,
Greg McAdam,Summer 2018/19,Peter Phyland Trophy,1,1,1,19,34,1,,19*,,,,,,,
Greg McAdam,Summer 2019/20,VCV,3,3,1,17,25,2,,7,,,,,,,
Greg McAdam,Summer 2019/20,Peter Phyland Trophy,1,1,,11,14,2,,11,,,,,,,
Greg McAdam,Summer 2019/20,Border Cup,2,2,1,15,44,1,,9,,,,,,,
Greg Williams,Summer 2024/25,Peter Phyland Trophy,1,1,1,39,28,4,2,39*,,,,,,,
Greg Williams,Summer 2024/25,Border Cup,,,,,,,,,5,2,7,1,,,1-7
Heaton Jarrad,Summer 2019/20,VCV,1,1,1,13,25,2,,13*,2,,7,,,,0-7
Heaton Jarrad,Summer 2020/21,VCV,7,6,4,62,159,8,,17,31,,140,7,,,3-28
Heaton Jarrad,Summer 2020/21,Border Cup,2,2,2,18,44,2,,13*,7,1,40,2,,,2-12
Heaton Jarrad,Summer 2021/22,VCV,3,3,1,12,16,,,5,10,1,28,1,,,1-7
Heaton Jarrad,Summer 2021/22,Border Cup,1,1,,1,7,,,1,4,1,15,,,,0-15
Heaton Jarrad,Summer 2022/23,VCV,3,3,1,13,30,,,12,10,,59,,,,0-16
Heaton Jarrad,Summer 2022/23,Border Cup,2,2,1,7,27,,,7,14,2,40,1,2,,1-27
Heaton Jarrad,Summer 2023/24,VCV,3,2,1,10,35,1,,10,9,,42,1,,,1-30
Heaton Jarrad,Summer 2024/25,VCV,5,5,1,11,35,,,8,25.1,2,106,6,1,,3-17
Heaton Jarrad,Summer 2024/25,Border Cup,2,1,,2,15,,,2,7,,27,1,,,1-16
Heaton Jarrad,Summer 2024/25,One Off Games,2,2,1,3,19,,,3,11,3,48,1,,,1-28
Howard Templeton,Summer 2012/13,Border Cup,1,,,,,,,,,,,,,,
Ian Sanderson,Summer 2012/13,One Off Games,3,,,,,,,,,,,,,,
J McGrath,Summer 2010/11,One Off Games,1,,,,,,,,,,,,,,
J Tonkin,Summer 2016/17,VCV,,2,1,16,27,1,,16,,,,,,,
J Tonkin,Summer 2016/17,Border Cup,,2,2,35,64,1,,23*,,,,,,,
Jim Jenkinson,Summer 2013/14,One Off Games,1,,,,,,,,,,,,,,
Jim Jenkinson,Summer 2015/16,Border Cup,1,,,,,,,,,,,,,,
Jim Jenkinson,Summer 2016/17,VCV,3,2,1,8,35,1,,5,,,,,,,
Jim Jenkinson,Summer 2016/17,Peter Phyland Trophy,1,1,1,15,29,,,15*,,,,,,,
Jim Jenkinson,Summer 2016/17,Border Cup,3,3,2,39,82,6,,16,2,,5,1,,,1-5
Jim Jenkinson,Summer 2016/17,WillowFest,3,3,1,28,55,5,,21,,,,,,,
Jim Jenkinson,Summer 2017/18,WillowFest,1,,,,,,,,,,,,,,
Jim Jenkinson,Summer 2018/19,VCV,1,1,,1,5,,,1,5,1,12,1,,,1-12
Jim Jenkinson,Summer 2018/19,Peter Phyland Trophy,1,1,,,3,,,0,4,,20,2,1,,2-20
Jim Jenkinson,Summer 2018/19,Border Cup,3,2,,19,55,3,,14,2,,3,,,,0-3
Jim Jenkinson,Summer 2019/20,VCV,5,3,1,19,39,1,,16,5,,20,1,,,1-5
Jim Jenkinson,Summer 2019/20,Peter Phyland Trophy,1,1,1,19,25,3,,19*,,,,,,,
Jim Jenkinson,Summer 2019/20,Border Cup,3,3,2,31,71,5,,18,3,,10,1,,,1-3
Jim Jenkinson,Summer 2019/20,WillowFest,3,3,2,48,81,5,,31,,,,,,,
Jim Jenkinson,Summer 2022/23,Border Cup,2,1,,2,17,,,2,5,,32,,1,3,0-12
John Crawford,Summer 2016/17,VCV,3,2,1,32,46,5,,18,7,1,34,2,2,,2-14
John Crawford,Summer 2016/17,Peter Phyland Trophy,1,1,1,25,26,2,1,25*,,,,,,,
John Crawford,Summer 2016/17,Border Cup,3,3,,22,25,2,,12,17,7,50,3,1,,2-18
John Crawford,Summer 2016/17,WillowFest,3,3,2,23,77,2,,14,16,,61,2,1,,1-16
John Crawford,Summer 2018/19,VCV,2,2,1,2,16,,,2,13,,56,1,4,1,1-36
John Crawford,Summer 2018/19,Peter Phyland Trophy,1,1,,1,7,,,1,6,,34,,3,,0-34
John Crawford,Summer 2018/19,Border Cup,3,2,,9,16,1,,8,14,4,51,2,6,1,1-5
John Crawford,Summer 2019/20,VCV,4,3,,11,25,1,,6,32,3,141,4,6,4,1-14
John Crawford,Summer 2019/20,Peter Phyland Trophy,1,1,,6,11,1,,6,6,1,10,1,,,1-10
John Crawford,Summer 2019/20,Border Cup,3,3,,13,42,1,,7,16,2,29,3,2,,1-8
John Crawford,Summer 2020/21,VCV,3,3,2,13,66,2,,6,16,1,52,2,1,,1-14
John Crawford,Summer 2020/21,Border Cup,3,2,,5,38,,,5,16.4,2,41,5,5,3,4-14
John Crawford,Summer 2021/22,VCV,6,6,4,34,101,2,,14,31,,125,3,,1,1-16
John Crawford,Summer 2021/22,Border Cup,3,2,,10,29,,,6,10,,38,4,4,,3-31
John Crawford,Summer 2022/23,VCV,1,1,1,2,4,,,2*,4,1,15,1,,,1-15
John Tonkin,Summer 2010/11,One Off Games,1,,,,,,,,,,,,,,
John Tonkin,Summer 2011/12,One Off Games,6,,,,,,,,,,,,,,
John Tonkin,Summer 2012/13,VCV,1,,,,,,,,,,,,,,
John Tonkin,Summer 2012/13,Border Cup,3,,,,,,,,,,,,,,
John Tonkin,Summer 2012/13,One Off Games,6,,,,,,,,,,,,,,
John Tonkin,Summer 2013/14,One Off Games,1,,,,,,,,,,,,,,
John Tonkin,Summer 2015/16,Border Cup,1,,,,,,,,,,,,,,
John Tonkin,Summer 2016/17,VCV,2,,,,,,,,,,,,,,
John Tonkin,Summer 2016/17,Border Cup,2,,,,,,,,,,,,,,
K Dowdell,Summer 2012/13,One Off Games,2,,,,,,,,,,,,,,
K Hann,Summer 2011/12,One Off Games,5,,,,,,,,,,,,,,
K Hann,Summer 2012/13,VCV,1,,,,,,,,,,,,,,
K Hann,Summer 2012/13,Border Cup,2,,,,,,,,,,,,,,
K Hann,Summer 2013/14,One Off Games,1,,,,,,,,,,,,,,
K Saunders,Summer 2010/11,One Off Games,1,,,,,,,,,,,,,,
K Saunders,Summer 2011/12,One Off Games,5,,,,,,,,,,,,,,
Kearney,Summer 2011/12,One Off Games,2,,,,,,,,,,,,,,
Ken Baker,Summer 2012/13,VCV,1,,,,,,,,,,,,,,
Ken Baker,Summer 2012/13,One Off Games,2,,,,,,,,,,,,,,
Ken Baker,Summer 2013/14,One Off Games,1,,,,,,,,,,,,,,
Ken Baker,Summer 2018/19,VCV,2,2,,7,18,1,,7,5,1,31,,,,0-2
Ken Baker,Summer 2018/19,Peter Phyland Trophy,1,1,1,15,38,1,,15*,,,,,,,
Ken Baker,Summer 2018/19,Border Cup,3,3,3,61,64,3,3,40*,14,,43,2,1,,1-10
Ken Baker,Summer 2019/20,VCV,8,7,,101,107,11,2,27,26.2,3,128,3,4,1,1-22
Ken Baker,Summer 2019/20,Peter Phyland Trophy,1,1,,,6,,,0,,,,,,,
Ken Baker,Summer 2019/20,Border Cup,3,3,2,115,89,14,1,39,19,1,47,1,,2,1-10
Ken Baker,Summer 2019/20,WillowFest,2,2,1,21,35,,,16,3,,6,,,,0-6
Ken Baker,Summer 2020/21,VCV,4,4,,75,86,8,2,36,9,1,26,3,,,3-9
Ken Baker,Summer 2020/21,Border Cup,3,3,1,63,53,9,1,35,5,,18,,,,0-8
Ken Baker,Summer 2021/22,VCV,7,7,4,195,201,21,5,40,31,3,90,5,1,,2-6
Ken Baker,Summer 2021/22,Border Cup,3,3,1,32,61,3,,23,8,1,34,2,2,,1-10
Ken Baker,Summer 2022/23,VCV,4,4,,96,99,13,,37,2,1,3,,,,0-3
Ken Baker,Summer 2022/23,Border Cup,3,3,1,78,46,11,4,42,4,,16,2,1,,2-16
Ken Baker,Summer 2023/24,VCV,4,4,1,29,40,5,,22,22,2,74,5,1,,2-17
Ken Baker,Summer 2023/24,Peter Phyland Trophy,1,1,,20,23,2,,20,6,,19,,,,0-19
Ken Baker,Summer 2023/24,Border Cup,3,3,2,40,86,3,,18,15,4,34,1,3,1,1-12
Ken Baker,Summer 2024/25,VCV,4,4,1,65,84,9,1,27,21,3,81,2,1,1,2-12
Ken Baker,Summer 2024/25,Peter Phyland Trophy,1,1,,11,25,,1,11,,,,,,,
Ken Baker,Summer 2024/25,One Off Games,2,2,1,57,57,6,2,31,5,1,19,,,,0-19
Ken Baker,Summer 2024/25,Echuca Carnival,3,3,2,101,88,12,1,40,11,,62,1,2,,1-18
Leo McMahon,Summer 2011/12,One Off Games,1,,,,,,,,,,,,,,
Leo McMahon,Summer 2013/14,One Off Games,1,,,,,,,,,,,,,,
Les Payne,Summer 2011/12,One Off Games,3,,,,,,,,,,,,,,
Les Payne,Summer 2012/13,Border Cup,3,,,,,,,,,,,,,,
Les Payne,Summer 2012/13,One Off Games,4,,,,,,,,,,,,,,
Les Payne,Summer 2013/14,One Off Games,1,,,,,,,,,,,,,,
Les Payne,Summer 2015/16,Border Cup,1,,,,,,,,,,,,,,
Les Payne,Summer 2015/16,WillowFest,1,,,,,,,,,,,,,,
Les Payne,Summer 2016/17,VCV,4,4,3,72,95,9,,25,12,3,51,1,1,,1-13
Les Payne,Summer 2016/17,Peter Phyland Trophy,1,1,1,27,26,3,,27*,,,,,,,
Les Payne,Summer 2016/17,Border Cup,3,3,2,50,69,2,,19,16,3,72,3,1,1,2-18
Les Payne,Summer 2016/17,WillowFest,3,3,1,34,62,3,,16,9,,33,,1,1,0-6
Les Payne,Summer 2017/18,WillowFest,1,,,,,,,,,,,,,,
Les Payne,Summer 2018/19,VCV,2,2,1,17,41,1,,15,3,,20,1,,,1-20
Les Payne,Summer 2018/19,Border Cup,3,3,1,45,90,4,,31,10,,51,1,1,1,1-18
Les Payne,Summer 2019/20,VCV,5,4,3,86,124,7,,27,4,2,18,,,,0-18
Les Payne,Summer 2019/20,Peter Phyland Trophy,1,1,1,24,43,2,,24*,,,,,,,
Les Payne,Summer 2019/20,Border Cup,2,2,2,27,51,2,,18*,3,,12,1,,,1-12
Les Payne,Summer 2020/21,VCV,3,3,3,66,94,10,,23*,,,,,,,
Les Payne,Summer 2021/22,VCV,4,4,2,46,97,5,,17,,,,,,,
Les Payne,Summer 2021/22,Border Cup,2,1,1,29,25,4,,29*,,,,,,,
Les Payne,Summer 2022/23,VCV,3,3,2,36,65,,,15,3,,20,,,,0-20
Les Payne,Summer 2022/23,Border Cup,1,1,1,8,32,,,8*,,,,,,,
Les Payne,Summer 2023/24,VCV,1,1,,12,33,,,12,,,,,,,
Les Payne,Summer 2023/24,Peter Phyland Trophy,1,1,,1,10,,,1,,,,,,,
Lyndon Oakley,Summer 2011/12,One Off Games,4,,,,,,,,,,,,,,
Lyndon Oakley,Summer 2012/13,VCV,1,,,,,,,,,,,,,,
Lyndon Oakley,Summer 2012/13,Border Cup,2,,,,,,,,,,,,,,
Lyndon Oakley,Summer 2012/13,One Off Games,2,,,,,,,,,,,,,,
Lyndon Oakley,Summer 2013/14,One Off Games,1,,,,,,,,,,,,,,
Lyndon Oakley,Summer 2015/16,Border Cup,1,,,,,,,,,,,,,,
Lyndon Oakley,Summer 2015/16,WillowFest,1,,,,,,,,,,,,,,
Lyndon Oakley,Summer 2016/17,VCV,3,3,1,39,58,4,,26,13,1,70,2,1,3,2-33
Lyndon Oakley,Summer 2016/17,Peter Phyland Trophy,1,1,,20,29,2,,20,,,,,,,
Lyndon Oakley,Summer 2016/17,Border Cup,1,1,,4,3,,,4,5,,35,1,,,1-25
Lyndon Oakley,Summer 2016/17,WillowFest,3,3,,24,33,2,1,16,14,1,60,2,,2,1-21
Lyndon Oakley,Summer 2018/19,VCV,4,4,,60,83,8,,28,26.3,2,82,8,,1,3-8
Lyndon Oakley,Summer 2018/19,Peter Phyland Trophy,1,1,,10,15,1,,10,6,1,12,3,1,,3-12
Lyndon Oakley,Summer 2018/19,Border Cup,3,3,3,63,81,7,,37*,8,,47,,,,0-23
Lyndon Oakley,Summer 2019/20,VCV,6,6,,30,92,2,,10,23,3,90,1,,,1-8
Lyndon Oakley,Summer 2019/20,Peter Phyland Trophy,1,1,,6,15,1,,6,5,1,36,1,,,1-36
Lyndon Oakley,Summer 2019/20,Border Cup,3,3,1,29,57,2,,21,19,2,64,1,,,1-23
Lyndon Oakley,Summer 2019/20,WillowFest,4,3,,38,75,1,,17,19,5,62,1,,1,1-21
Lyndon Oakley,Summer 2020/21,VCV,7,7,1,37,90,2,,13,35,1,153,3,2,,1-16
Lyndon Oakley,Summer 2020/21,Border Cup,3,3,1,43,72,4,,31,16,2,68,,1,,0-18
Lyndon Oakley,Summer 2021/22,VCV,3,3,,40,76,4,,24,9,1,60,1,,,1-32
Lyndon Oakley,Summer 2021/22,Border Cup,1,1,,2,5,,,2,,,,,,,
Lyndon Oakley,Summer 2022/23,Border Cup,1,1,,,7,,,0,,,,,,,
Lyndon Oakley,Summer 2024/25,One Off Games,2,,,,,,,,3,,21,1,,,1-4
M Archer,Summer 2011/12,One Off Games,1,,,,,,,,,,,,,,
M Kot,Summer 2011/12,One Off Games,1,,,,,,,,,,,,,,
Mark Ross,Summer 2018/19,VCV,1,1,,13,25,2,,13,2,,18,,,,0-18
Mark Ross,Summer 2019/20,VCV,5,5,3,66,95,6,1,25,24,2,92,5,1,,2-16
Mark Ross,Summer 2019/20,Peter Phyland Trophy,1,1,1,17,25,2,,17*,6,3,13,2,,,2-13
Mark Ross,Summer 2019/20,Border Cup,3,2,1,18,44,,,12,20,3,52,3,3,1,2-15
Mark Ross,Summer 2020/21,VCV,8,8,2,93,159,11,,18,31.5,1,124,6,,,2-2
Mark Ross,Summer 2020/21,Border Cup,2,2,,,5,,,0,6,1,16,2,,,2-16
Mark Ross,Summer 2021/22,VCV,5,5,2,74,113,8,,27,29,4,96,2,3,2,2-31
Mark Ross,Summer 2021/22,Border Cup,3,3,2,33,45,3,1,29,14,3,46,2,1,3,1-20
Mark Ross,Summer 2022/23,VCV,4,4,1,34,101,2,,18,21,2,84,3,,2,1-11
Mark Ross,Summer 2022/23,Border Cup,3,3,1,98,122,14,1,43,21,2,77,5,3,,2-32
Mark Ross,Summer 2023/24,VCV,4,4,3,65,110,8,,25,18,3,97,3,1,,2-25
Mark Ross,Summer 2023/24,Peter Phyland Trophy,1,1,,3,11,,,3,6,,42,,,1,0-42
Mark Ross,Summer 2023/24,Border Cup,3,1,,5,19,,,5,19,,59,6,5,2,3-16
Mark Ross,Summer 2024/25,VCV,5,5,2,55,93,8,,25,23,,85,3,,1,2-23
Mark Ross,Summer 2024/25,Border Cup,3,3,3,73,94,7,1,33*,15,2,66,1,,,1-8
Mark Ross,Summer 2024/25,Echuca Carnival,4,4,4,85,120,5,,27*,19,2,74,5,2,,3-19
Michael Hayes,Summer 2011/12,One Off Games,4,,,,,,,,,,,,,,
Michael Hayes,Summer 2012/13,Border Cup,3,,,,,,,,,,,,,,
N King,Summer 2012/13,Border Cup,3,,,,,,,,,,,,,,
N Stratman,Summer 2017/18,WillowFest,1,,,,,,,,,,,,,,
N Tonkin,Summer 2010/11,One Off Games,1,,,,,,,,,,,,,,
N Tonkin,Summer 2011/12,One Off Games,5,,,,,,,,,,,,,,
N Tonkin,Summer 2012/13,VCV,1,,,,,,,,,,,,,,
N Tonkin,Summer 2012/13,Border Cup,2,,,,,,,,,,,,,,
Neil Blizzard,Summer 2024/25,VCV,6,6,3,119,109,21,,40,7,2,31,1,,,1-25
Neil Blizzard,Summer 2024/25,Peter Phyland Trophy,1,1,,29,20,5,,29,,,,,,,
Neil Blizzard,Summer 2024/25,Border Cup,3,3,2,59,62,10,,40,,,,,,,
Neil Blizzard,Summer 2024/25,One Off Games,2,2,1,52,55,9,,32,5,,27,,4,,0-27
Neil Blizzard,Summer 2024/25,Echuca Carnival,4,4,,35,43,4,,19,2,,10,,,1,0-10
P Dickson,Summer 2020/21,VCV,1,,,,,,,,,,,,,,
P Oakley,Summer 2011/12,One Off Games,2,,,,,,,,,,,,,,
P Oakley,Summer 2012/13,VCV,1,,,,,,,,,,,,,,
P Oakley,Summer 2012/13,One Off Games,2,,,,,,,,,,,,,,
Peter Phyland,Summer 2012/13,VCV,1,,,,,,,,,,,,,,
Peter Phyland,Summer 2012/13,Border Cup,3,,,,,,,,,,,,,,
Peter Phyland,Summer 2012/13,One Off Games,5,,,,,,,,,,,,,,
Peter Phyland,Summer 2013/14,One Off Games,1,,,,,,,,,,,,,,
Peter Skrabl,Summer 2019/20,VCV,1,1,1,17,25,2,,17*,1,,7,,,,0-7
Peter Sleep,Summer 2012/13,One Off Games,1,,,,,,,,,,,,,,
Phil Clapham,Summer 2020/21,VCV,7,7,2,129,104,22,,31,20,,80,3,8,1,1-10
Phil Clapham,Summer 2020/21,Border Cup,3,3,,36,31,7,,16,4,,15,2,2,,2-8
Phil Clapham,Summer 2021/22,VCV,4,4,1,63,54,6,2,43,7,,26,1,1,1,1-11
Phil Clapham,Summer 2021/22,Border Cup,1,,,,,,,,,,,,,,
Phil Clapham,Summer 2022/23,VCV,3,3,1,42,36,6,1,31,9,,44,,4,1,0-11
Phil Clapham,Summer 2022/23,Border Cup,1,1,,27,21,3,1,27,3,,13,1,,,1-13
Phil Clapham,Summer 2023/24,VCV,1,1,,24,20,3,1,24,,,,,,,
Phil Clapham,Summer 2024/25,VCV,6,6,1,93,83,9,4,35,12,2,46,2,1,1,1-3
Phil Clapham,Summer 2024/25,Peter Phyland Trophy,1,1,1,33,25,3,1,33*,3,,23,1,2,,1-23
Phil Clapham,Summer 2024/25,Border Cup,2,2,,33,20,5,1,26,1,,4,1,,,1-4
Phil Clapham,Summer 2024/25,One Off Games,2,2,1,33,27,5,,33,5,,29,,1,1,0-14
Phil Forsyth,Summer 2012/13,One Off Games,4,,,,,,,,,,,,,,
Phil Forsyth,Summer 2013/14,VCV,1,,,,,,,,,,,,,,
Phil Forsyth,Summer 2013/14,One Off Games,1,,,,,,,,,,,,,,
Phil Forsyth,Summer 2015/16,Border Cup,1,,,,,,,,,,,,,,
Phil Forsyth,Summer 2015/16,WillowFest,1,,,,,,,,,,,,,,
Phil Forsyth,Summer 2016/17,VCV,4,3,1,53,74,3,,19,21,4,55,7,,,3-24
Phil Forsyth,Summer 2016/17,Peter Phyland Trophy,1,1,1,11,25,1,,11*,,,,,,,
Phil Forsyth,Summer 2016/17,Border Cup,3,3,1,28,60,,,19,15,4,44,3,,,2-17
Phil Forsyth,Summer 2016/17,WillowFest,3,3,2,27,61,1,,13,15,,80,1,,3,1-31
Phil Forsyth,Summer 2017/18,WillowFest,1,,,,,,,,,,,,,,
Phil Forsyth,Summer 2018/19,VCV,4,4,2,56,108,4,,24,22.4,2,90,6,4,,2-32
Phil Forsyth,Summer 2018/19,Peter Phyland Trophy,1,1,,12,22,1,,12,6,1,25,2,2,,2-25
Phil Forsyth,Summer 2018/19,Border Cup,3,3,,19,54,2,,12,14,,58,2,2,,1-20
Phil Forsyth,Summer 2019/20,VCV,2,1,,17,29,2,,17,5,,33,,2,,0-33
Phil Forsyth,Summer 2019/20,WillowFest,3,3,1,45,54,4,,31,16,1,46,2,2,,1-10
Phil Forsyth,Summer 2020/21,VCV,3,3,2,36,56,4,,24,12,,47,3,,,2-19
Phil Forsyth,Summer 2020/21,Border Cup,2,2,1,23,49,2,,18,7,,22,2,,,2-22
Phil Forsyth,Summer 2021/22,VCV,4,4,2,34,89,3,,19,23,2,74,6,,,3-21
R Bartlett,Summer 2010/11,One Off Games,1,,,,,,,,,,,,,,
R Bartlett,Summer 2011/12,One Off Games,1,,,,,,,,,,,,,,
R Cleasby,Summer 2010/11,One Off Games,1,,,,,,,,,,,,,,
R Cleasby,Summer 2012/13,VCV,1,,,,,,,,,,,,,,
R Cleasby,Summer 2012/13,One Off Games,1,,,,,,,,,,,,,,
R Ford,Summer 2012/13,Border Cup,3,,,,,,,,,,,,,,
R Wilson,Summer 2011/12,One Off Games,1,,,,,,,,,,,,,,
Ray Hastings,Summer 2023/24,VCV,1,1,1,21,24,3,,21*,6,,27,,,,0-27
Ray Hastings,Summer 2023/24,Border Cup,2,2,1,17,32,2,,10,11,2,31,5,3,,3-17
Ray Hastings,Summer 2024/25,VCV,3,3,1,46,75,7,1,25,17,,91,1,1,,1-29
Ray Hastings,Summer 2024/25,Peter Phyland Trophy,1,1,1,9,25,1,,9*,6,2,14,1,1,,1-14
Ray Hastings,Summer 2024/25,Border Cup,3,2,,17,40,1,,11,20,1,61,4,,,2-25
Ray Hastings,Summer 2024/25,One Off Games,2,2,1,30,37,6,,24,14,,74,,,,0-31
Ray Hastings,Summer 2024/25,Echuca Carnival,4,2,,6,37,,,4,20,1,108,2,2,1,2-26
Ray Robinson,Summer 2016/17,Border Cup,3,3,2,27,64,3,,15,,,,,,,
Ray Robinson,Summer 2017/18,WillowFest,1,,,,,,,,,,,,,,
Ray Robinson,Summer 2018/19,VCV,4,4,3,50,88,8,,17,,,,,,,
Ray Robinson,Summer 2018/19,Peter Phyland Trophy,1,1,1,8,25,1,,8*,,,,,,,
Ray Robinson,Summer 2018/19,Border Cup,3,3,2,18,74,1,,8,,,,,,,
Ray Robinson,Summer 2019/20,VCV,3,3,,14,31,,,6,,,,,,,
Ray Robinson,Summer 2019/20,Border Cup,2,2,,2,30,,,1,,,,,,,
Ray Robinson,Summer 2019/20,WillowFest,3,3,2,11,34,,,10,,,,,,,
Ray Robinson,Summer 2020/21,VCV,6,5,2,33,94,3,,10,,,,,,,
Ray Robinson,Summer 2020/21,Border Cup,3,2,,9,58,,1,8,,,,,,,
Ray Robinson,Summer 2021/22,VCV,4,4,2,18,69,,,11,,,,,,,
Ray Robinson,Summer 2021/22,Border Cup,2,1,1,17,25,,1,17*,,,,,,,
Ray Robinson,Summer 2022/23,VCV,3,3,2,17,39,,,11,,,,,,,
Ray Robinson,Summer 2022/23,Border Cup,3,3,2,23,96,1,,12,,,,,,,
Ray Robinson,Summer 2023/24,VCV,5,5,3,33,73,2,,17,,,,,,,
Ray Robinson,Summer 2023/24,Peter Phyland Trophy,1,1,,2,12,,,2,,,,,,,
Ray Robinson,Summer 2024/25,VCV,5,4,2,21,35,3,,20,,,,,,,
Ray Robinson,Summer 2024/25,Peter Phyland Trophy,1,1,1,2,3,,,2*,,,,,,,
Ray Robinson,Summer 2024/25,One Off Games,1,1,,5,9,1,,5,,,,,,,
Ray Robinson,Summer 2024/25,Echuca Carnival,2,2,,6,24,,,3,,,,,,,
Richard Kot,Summer 2021/22,VCV,1,1,,27,31,2,,27,4,,18,,,,0-18
Richard Kot,Summer 2021/22,Border Cup,2,2,1,75,69,5,4,40,9,1,31,1,,1,1-10
Richard Kot,Summer 2023/24,VCV,4,4,1,109,110,12,1,40,21,,98,4,,,2-31
Richard Kot,Summer 2023/24,Border Cup,2,2,1,39,42,4,,28,8,,33,1,3,,1-16
Richard Kot,Summer 2024/25,Echuca Carnival,3,3,,21,33,3,,11,2,,13,1,2,,1-13
Robert Logan,Summer 2021/22,VCV,2,2,1,14,29,,,11,0.3,,4,,,,0-4
Robert Scott,Summer 2018/19,VCV,4,4,3,78,83,14,,28,14,,55,,,,0-1
Robert Scott,Summer 2019/20,VCV,1,4,1,63,75,9,,27,17,2,68,1,5,,1-19
Robert Scott,Summer 2019/20,WillowFest,4,4,3,59,85,4,,24,15,3,59,4,,,2-18
Robert Scott,Summer 2020/21,VCV,5,4,3,57,87,8,,28,23,,107,6,2,1,2-23
Robert Scott,Summer 2021/22,VCV,4,4,,24,79,2,,17,14.3,,72,,3,,0-14
Robert Scott,Summer 2022/23,VCV,3,3,1,69,96,9,1,35,19.3,3,102,2,8,,1-34
Robert Scott,Summer 2024/25,VCV,3,3,1,10,46,,,9,19,1,97,,3,,0-18
Robert Scott,Summer 2024/25,Echuca Carnival,4,2,,10,24,,,5,19.4,,68,5,3,1,2-20
Robey Joyce,Summer 2013/14,One Off Games,1,,,,,,,,,,,,,,
Robey Joyce,Summer 2015/16,Border Cup,1,,,,,,,,,,,,,,
Robey Joyce,Summer 2015/16,WillowFest,1,,,,,,,,,,,,,,
Robey Joyce,Summer 2016/17,VCV,4,4,2,15,21,2,,7,11,,52,2,,1,2-24
Robey Joyce,Summer 2016/17,Peter Phyland Trophy,1,1,,1,4,,,1,,,,,,,
Robey Joyce,Summer 2016/17,WillowFest,3,3,2,24,44,2,,13,9,1,48,1,3,1,1-11
Robey Joyce,Summer 2017/18,WillowFest,1,,,,,,,,,,,,,,
Robey Joyce,Summer 2018/19,VCV,3,3,,12,34,2,,10,8,,55,2,2,,1-15
Robey Joyce,Summer 2018/19,Peter Phyland Trophy,1,1,,8,13,1,,8,3,,14,,,,0-14
Robey Joyce,Summer 2018/19,Border Cup,3,3,2,12,33,1,,7,8,,29,,4,,0-8
Robey Joyce,Summer 2019/20,VCV,4,4,2,12,37,1,,10,19,,85,2,3,,1-14
Robey Joyce,Summer 2019/20,Peter Phyland Trophy,1,1,,6,12,1,,6,0.5,,5,,,,0-5
Robey Joyce,Summer 2019/20,Border Cup,3,2,1,8,31,1,,7,7,,29,,2,,0-5
Robey Joyce,Summer 2019/20,WillowFest,3,3,,15,42,1,,10,6,,27,,1,,0-3
Robey Joyce,Summer 2021/22,VCV,3,3,1,14,54,1,,9,7,2,14,2,,,1-4
Robey Joyce,Summer 2021/22,Border Cup,2,1,,10,20,,,10,1,,5,1,,,1-5
Robey Joyce,Summer 2022/23,VCV,3,3,2,20,64,1,,9,6,2,20,1,,,1-5
Robey Joyce,Summer 2022/23,Border Cup,3,3,1,14,45,1,,8,12,,64,3,4,1,2-17
Robey Joyce,Summer 2023/24,VCV,4,4,2,21,54,2,,12,9,1,65,3,2,,2-18
Robey Joyce,Summer 2023/24,Peter Phyland Trophy,1,1,1,1,25,,,1*,4,,13,1,2,,1-13
Robey Joyce,Summer 2023/24,Border Cup,1,1,,,3,,,0,2.4,,7,1,,,1-7
Robey Joyce,Summer 2024/25,VCV,4,4,1,10,82,,,4,8,,59,1,,1,1-17
Robey Joyce,Summer 2024/25,Border Cup,2,1,,4,16,,,4,2,,8,,,,0-8
Robey Joyce,Summer 2024/25,One Off Games,1,1,,3,7,,,3,2,,20,,,,0-20
Roger Beavis,Summer 2011/12,One Off Games,6,,,,,,,,,,,,,,
Roger Beavis,Summer 2012/13,VCV,1,,,,,,,,,,,,,,
Roger Beavis,Summer 2012/13,Border Cup,2,,,,,,,,,,,,,,
Roger Beavis,Summer 2012/13,One Off Games,6,,,,,,,,,,,,,,
Roger Beavis,Summer 2013/14,One Off Games,1,,,,,,,,,,,,,,
Roger Thompson,Summer 2011/12,One Off Games,1,,,,,,,,,,,,,,
Roger Thompson,Summer 2012/13,Border Cup,2,,,,,,,,,,,,,,
Roger Thompson,Summer 2013/14,VCV,1,,,,,,,,,,,,,,
Roger Thompson,Summer 2015/16,Border Cup,1,,,,,,,,,,,,,,
Roger Thompson,Summer 2016/17,Border Cup,3,3,2,12,33,,,6,6.5,,23,4,3,,4-12
Roger Thompson,Summer 2016/17,WillowFest,3,3,3,19,49,2,,13*,5.2,,33,,,,0-11
Roger Thompson,Summer 2018/19,VCV,1,,,,,,,,3,,13,,1,,0-13
Roger Thompson,Summer 2018/19,Peter Phyland Trophy,1,1,,3,9,,,3,3,,21,1,1,,1-21
Roger Thompson,Summer 2018/19,Border Cup,3,1,,2,12,,,2,5,,20,2,1,,1-8
Roger Thompson,Summer 2019/20,WillowFest,1,1,1,1,25,,,1*,5,,38,,3,,0-11
Ron Mcleod,Summer 2013/14,One Off Games,1,,,,,,,,,,,,,,
T Hollis,Summer 2011/12,One Off Games,2,,,,,,,,,,,,,,
T Hollis,Summer 2012/13,Border Cup,1,,,,,,,,,,,,,,
T Wilson,Summer 2011/12,One Off Games,1,,,,,,,,,,,,,,
Terry Croton,Summer 2024/25,VCV,3,3,3,20,69,1,,8*,2,,18,1,3,1,1-18
Terry Croton,Summer 2024/25,One Off Games,1,1,,4,12,1,,4,2,,19,,5,1,0-19
Tim Spark,Summer 2018/19,VCV,3,3,,24,42,3,,16,12,3,50,1,3,3,1-9
Tim Spark,Summer 2019/20,VCV,1,1,1,16,31,,,16*,,,,,,,
Tony Bunworth,Summer 2011/12,One Off Games,1,,,,,,,,,,,,,,
Tony Bunworth,Summer 2013/14,One Off Games,1,,,,,,,,,,,,,,
W Bevan,Summer 2012/13,One Off Games,2,,,,,,,,,,,,,,
Wayne Bell,Summer 2013/14,One Off Games,1,,,,,,,,,,,,,,
